City,Temperature_C,Humidity_%,Wind_Speed_kmh,Green_Cover_%,Building_Density,Population_Density_per_km2,Traffic_Density,Industrial_Proximity_km,Land_Use_Type,Albedo,NDVI,Air_Quality_Index,Solar_Radiation_Wm2,Rainfall_mm,Elevation_m,Heat_Island_Intensity_C
Pune,33.1,31.1,20.4,36.9,76.7,18122,96.9,25.9,Industrial,0.5,0.65,353,813.8,40.9,159,5.4
Phoenix,41.5,44.6,14.8,11.5,82.5,27289,21.8,2.8,Residential,0.23,0.26,51,591.9,176.8,457,13.1
Surat,36.6,52.6,37.3,15.6,86.1,2406,43.5,2.6,Park/Green Space,0.27,0.33,375,479.9,170.3,398,9.5
Nagpur,34.9,26.6,33.1,3.4,45.6,7899,12.3,25.6,Commercial,0.13,0.11,379,656.8,291.3,1114,5.9
Ahmedabad,24.5,36.5,27.9,50.4,14.6,8461,30.0,6.8,Park/Green Space,0.19,0.59,262,499.4,265.0,580,0.0
London,12.0,64.9,28.6,58.5,46.2,26640,80.2,20.2,Mixed Use,0.48,0.05,211,321.5,283.7,1489,0.0
Pune,25.1,75.2,18.5,9.9,70.6,26294,28.1,16.5,Residential,0.35,0.08,161,711.3,34.1,219,0.0
Houston,32.0,94.9,36.8,15.4,50.5,21485,17.2,25.1,Residential,0.54,0.05,167,885.9,260.4,1442,4.0
Beijing,26.5,90.0,27.8,52.4,77.4,26433,52.7,4.2,Residential,0.3,0.53,108,435.6,38.7,378,0.0
Nagpur,28.4,68.2,29.2,55.7,42.1,12531,10.9,4.3,Industrial,0.23,0.36,68,857.4,189.9,929,0.9
Nagpur,36.4,51.6,34.5,26.3,67.1,15628,17.6,16.9,Park/Green Space,0.27,0.27,155,488.0,216.0,1470,7.6
Sydney,28.9,67.7,11.0,4.9,26.8,16163,82.7,28.4,Industrial,0.46,0.73,210,461.2,48.3,963,1.6
London,22.2,78.9,32.3,4.3,77.4,1960,79.4,12.7,Commercial,0.38,0.19,168,125.5,189.8,1169,0.0
Chennai,35.1,28.9,7.8,35.3,59.1,16182,92.4,10.1,Mixed Use,0.55,0.34,106,725.8,15.7,232,6.0
Ahmedabad,39.1,50.7,13.8,24.8,28.4,24553,86.9,18.4,Industrial,0.4,0.76,27,826.8,88.0,1394,10.9
Sydney,29.0,83.0,13.4,3.7,36.3,15693,71.5,27.9,Industrial,0.35,0.37,242,697.2,276.3,921,1.7
Bangalore,34.8,48.8,39.1,35.8,77.4,29061,14.7,25.2,Mixed Use,0.49,0.47,376,236.2,51.5,233,6.1
Tokyo,36.3,62.9,34.3,2.7,53.4,18300,80.5,29.9,Residential,0.57,0.11,35,193.0,19.6,725,9.0
London,18.2,64.1,28.0,47.7,29.4,11545,86.1,1.2,Mixed Use,0.28,0.64,315,615.6,133.1,366,0.0
Delhi,38.1,33.8,29.1,19.8,97.1,8266,81.9,3.8,Park/Green Space,0.22,0.37,125,461.4,255.2,480,11.7
Sydney,28.1,47.2,22.5,4.3,74.4,29932,55.8,18.5,Mixed Use,0.41,0.65,302,486.2,23.0,1386,0.0
Bhopal,29.3,45.1,37.9,36.1,96.1,18312,31.0,24.7,Residential,0.35,0.24,123,971.0,106.7,589,0.0
Kolkata,36.5,22.0,19.9,25.1,48.4,4878,86.1,8.9,Mixed Use,0.59,0.37,380,751.5,269.9,1118,8.0
Delhi,20.7,21.8,15.2,58.5,52.8,8029,75.4,7.6,Industrial,0.33,0.64,165,470.6,35.4,215,0.0
London,23.2,82.4,6.5,33.6,90.8,21358,98.3,23.7,Commercial,0.14,0.78,54,117.2,93.2,724,0.0
Mumbai,31.1,40.5,31.4,18.0,57.3,29369,24.0,2.2,Industrial,0.59,0.09,132,130.7,233.5,711,1.4
Bhopal,24.6,58.9,29.4,43.1,73.7,28138,30.3,11.4,Commercial,0.52,0.66,327,716.3,163.0,984,0.1
Tokyo,27.6,42.4,15.4,17.7,32.7,3571,29.1,15.4,Mixed Use,0.19,0.28,72,854.0,249.7,1158,1.5
Bhopal,26.8,90.6,1.0,54.4,50.2,17439,81.3,17.0,Park/Green Space,0.55,0.46,366,736.9,33.5,1106,0.0
Dubai,35.9,39.4,33.6,23.7,21.1,25431,26.8,22.0,Mixed Use,0.27,0.27,100,465.3,276.2,390,9.2
Los Angeles,33.2,52.2,0.5,33.9,28.5,18447,16.0,11.0,Residential,0.29,0.51,123,128.0,280.5,1070,2.7
Lucknow,29.2,85.5,28.1,4.9,10.1,12192,99.9,18.6,Mixed Use,0.55,0.32,341,970.7,46.6,391,5.0
New York,16.9,83.1,38.8,26.7,13.5,1540,12.2,17.8,Commercial,0.37,0.3,388,987.7,10.2,717,0.0
Surat,36.1,34.0,17.5,50.3,98.0,3186,85.2,16.7,Industrial,0.17,0.08,261,594.4,297.0,384,7.9
Surat,27.5,80.2,9.4,48.7,31.8,13166,42.9,19.4,Park/Green Space,0.28,0.16,50,163.6,144.7,380,0.0
Houston,38.3,54.4,28.2,15.0,69.7,29851,85.7,8.2,Mixed Use,0.46,0.74,336,586.9,171.6,1100,11.0
Bhopal,41.7,56.2,32.7,15.1,85.5,3053,59.9,3.0,Mixed Use,0.19,0.8,211,903.1,184.8,1282,12.0
Beijing,29.1,30.0,21.9,49.4,59.6,2279,91.1,4.0,Industrial,0.4,0.64,376,712.0,236.9,603,1.3
Phoenix,30.3,26.0,38.7,56.0,23.8,13686,93.4,7.1,Park/Green Space,0.45,0.27,380,748.0,243.6,933,1.5
Dubai,54.1,74.6,2.1,7.5,75.5,16959,10.8,15.3,Mixed Use,0.27,0.35,252,176.5,58.2,398,15.0
Bangalore,20.9,57.2,20.2,28.1,64.0,21210,16.8,25.3,Mixed Use,0.45,0.6,117,195.9,71.0,99,0.0
Hyderabad,31.2,52.8,28.7,21.6,75.8,22719,32.5,21.2,Commercial,0.54,0.78,53,214.6,263.0,382,3.5
Houston,30.1,74.7,34.5,52.5,79.3,5557,70.2,23.8,Commercial,0.34,0.39,262,913.9,245.9,706,0.2
Pune,42.7,77.4,7.2,6.8,97.8,28395,89.9,10.9,Residential,0.29,0.67,78,573.3,185.3,1215,13.6
London,22.6,31.9,32.0,14.2,61.6,19233,51.4,12.4,Industrial,0.23,0.78,278,812.4,298.4,1368,0.0
Jaipur,38.6,65.8,22.1,45.6,40.7,19657,64.6,12.1,Park/Green Space,0.4,0.71,36,203.8,220.6,9,14.5
Pune,35.3,30.2,15.9,5.0,68.4,2762,27.0,6.2,Mixed Use,0.54,0.22,97,934.9,64.8,263,8.0
Chicago,21.8,76.4,5.3,30.6,16.2,20113,82.4,2.3,Mixed Use,0.26,0.06,225,839.0,254.0,1291,0.0
Chennai,37.2,69.3,34.6,27.6,90.8,10808,97.1,17.9,Residential,0.3,0.42,321,302.3,124.4,831,8.6
Dubai,40.1,91.7,6.3,21.4,20.7,17276,34.2,29.7,Mixed Use,0.3,0.45,185,886.8,10.8,629,12.1
Chandigarh,30.2,25.2,12.4,24.9,39.5,17992,54.5,5.4,Industrial,0.38,0.2,310,337.1,96.4,761,1.7
Chicago,22.7,24.3,11.6,32.7,83.4,21246,17.8,1.9,Residential,0.21,0.26,131,284.8,229.1,194,0.0
Jaipur,40.7,41.2,34.9,11.4,63.8,5688,60.3,23.5,Industrial,0.51,0.62,336,337.8,288.1,561,13.0
London,20.6,39.6,26.9,35.2,45.4,9302,55.3,8.0,Residential,0.25,0.4,372,919.0,82.8,1430,0.0
Delhi,20.4,38.5,31.9,48.7,52.6,5557,23.0,25.0,Mixed Use,0.45,0.29,164,924.0,74.0,1319,0.0
Phoenix,42.5,88.0,10.0,46.1,86.9,27851,49.8,21.3,Residential,0.36,0.52,175,396.1,169.1,96,15.0
Surat,33.9,38.7,25.0,10.9,40.6,4498,40.1,28.4,Commercial,0.39,0.54,197,734.9,243.5,461,5.7
Pune,41.6,40.4,22.9,10.7,88.3,9364,57.0,12.6,Park/Green Space,0.19,0.63,365,708.2,224.0,757,12.1
Bhopal,29.2,77.0,33.3,17.6,17.9,23450,62.7,20.0,Mixed Use,0.47,0.17,155,825.9,168.0,86,4.5
Ahmedabad,42.0,53.7,36.2,22.9,79.9,4177,10.8,14.2,Park/Green Space,0.19,0.61,334,366.9,189.4,990,11.3
Surat,38.6,78.3,0.5,25.7,86.3,6296,78.5,19.1,Mixed Use,0.16,0.5,37,559.1,72.6,76,9.5
Bangalore,15.7,24.9,27.0,41.4,26.4,14950,74.2,13.8,Park/Green Space,0.37,0.09,370,700.9,129.8,1169,0.0
Chandigarh,39.9,56.6,2.1,5.3,48.7,6863,43.0,6.1,Commercial,0.45,0.63,174,123.6,76.6,660,15.0
Los Angeles,21.1,22.5,22.0,4.0,24.9,8623,14.8,15.5,Park/Green Space,0.13,0.34,291,439.1,265.3,1134,0.0
Chennai,32.9,24.7,11.5,24.7,73.6,8722,77.9,16.1,Residential,0.13,0.3,285,726.3,33.8,764,7.1
Chicago,24.0,88.0,12.3,42.4,58.2,24574,96.0,24.4,Park/Green Space,0.5,0.39,379,327.3,203.9,677,0.0
Ahmedabad,38.8,30.4,14.1,13.2,67.2,14154,31.6,22.2,Mixed Use,0.5,0.31,351,961.9,78.1,1320,14.4
Chennai,32.8,59.9,24.9,39.2,27.7,18284,39.1,20.1,Industrial,0.22,0.3,35,127.1,142.7,1449,5.4
Delhi,36.8,50.8,13.4,17.1,29.1,4571,26.5,3.8,Park/Green Space,0.41,0.66,31,962.3,89.8,790,10.3
Kolkata,26.1,46.1,29.3,53.4,13.7,9308,61.9,21.8,Park/Green Space,0.32,0.14,94,295.1,97.0,1357,0.0
Tokyo,15.8,87.5,16.2,54.0,39.0,29710,23.9,15.3,Park/Green Space,0.42,0.78,231,143.9,78.1,582,0.0
Lucknow,38.7,21.6,2.7,19.2,60.4,3286,42.1,26.9,Mixed Use,0.53,0.47,198,363.2,225.8,670,10.3
Chennai,40.8,69.8,31.4,15.3,87.2,24053,72.7,27.6,Park/Green Space,0.14,0.19,148,807.7,109.7,537,12.5
Tokyo,31.1,92.3,11.4,25.9,70.0,1370,60.4,2.1,Mixed Use,0.49,0.15,302,777.2,217.9,1185,4.0
Chicago,20.5,62.0,17.3,16.0,49.2,4696,44.8,24.7,Mixed Use,0.35,0.49,214,288.0,136.8,429,0.0
Bhopal,32.6,90.3,27.4,41.0,95.8,12296,47.8,1.6,Industrial,0.38,0.52,287,277.1,164.2,1092,4.6
Delhi,36.6,23.9,13.3,49.9,74.7,26488,60.6,11.3,Residential,0.43,0.09,49,678.3,163.0,132,10.9
Lucknow,41.2,51.4,2.3,41.0,93.7,3239,10.5,16.5,Mixed Use,0.56,0.23,28,512.3,292.8,188,8.7
Chennai,34.4,39.5,15.0,49.8,57.5,1440,17.1,4.9,Commercial,0.13,0.65,328,813.1,110.1,572,7.2
Chandigarh,30.9,74.8,37.8,25.0,33.3,840,89.3,22.5,Park/Green Space,0.11,0.09,329,121.7,62.3,278,4.0
New York,19.3,93.6,25.7,11.1,14.8,27984,17.0,0.7,Commercial,0.19,0.69,184,649.4,273.5,1453,0.0
Surat,36.5,39.2,26.9,44.8,75.3,24306,73.6,5.5,Park/Green Space,0.59,0.54,212,757.6,52.5,541,8.4
Ahmedabad,31.5,69.1,25.3,22.9,20.9,4633,92.8,17.6,Industrial,0.46,0.38,324,994.0,250.3,1184,3.8
Chandigarh,25.0,34.9,8.0,40.9,37.2,17543,34.4,21.6,Mixed Use,0.41,0.31,279,710.9,45.1,745,0.0
Beijing,34.6,62.4,16.7,17.7,57.9,10725,43.3,27.5,Residential,0.12,0.06,211,308.7,197.6,898,8.8
Dubai,44.9,54.8,30.0,6.7,60.8,10252,61.2,21.3,Mixed Use,0.54,0.67,98,197.4,45.2,452,15.0
Ahmedabad,34.8,92.9,4.1,59.6,64.1,3957,89.4,20.3,Park/Green Space,0.51,0.16,198,676.8,276.9,888,7.2
London,24.6,65.6,11.1,11.1,25.0,10348,94.8,12.1,Residential,0.43,0.28,110,570.9,169.5,850,0.0
New York,26.2,46.2,11.1,59.3,44.2,19859,76.6,0.5,Mixed Use,0.27,0.48,234,909.2,98.8,169,0.0
Indore,26.1,28.6,17.3,58.7,65.5,9741,17.8,4.0,Residential,0.14,0.23,98,753.9,42.1,829,0.0
Chicago,21.8,31.3,39.2,48.0,97.3,953,70.2,16.3,Park/Green Space,0.39,0.42,122,558.8,111.4,697,0.0
Surat,34.0,36.9,2.7,40.2,75.5,10396,46.9,20.4,Industrial,0.46,0.66,130,463.2,211.5,1080,7.6
London,25.4,38.8,20.7,35.5,93.0,25068,52.4,12.8,Industrial,0.15,0.4,333,463.9,115.5,1263,0.0
Sydney,26.7,83.8,7.2,52.2,78.6,22326,14.4,22.1,Mixed Use,0.42,0.76,266,303.7,73.8,768,0.0
Dubai,44.9,62.1,38.8,18.8,63.3,11476,27.2,15.9,Commercial,0.24,0.69,253,115.6,173.2,357,15.0
Indore,36.7,59.3,4.5,29.1,27.3,16372,81.1,2.7,Park/Green Space,0.48,0.3,101,617.4,125.3,200,7.8
Jaipur,29.7,28.6,16.1,37.9,70.0,1318,50.9,6.2,Mixed Use,0.37,0.35,151,291.2,49.7,443,4.0
Surat,35.9,84.5,29.5,25.8,66.1,5368,37.1,25.3,Mixed Use,0.16,0.37,254,287.5,46.2,826,7.0
Indore,28.8,74.2,28.2,26.8,64.2,16896,44.6,21.9,Industrial,0.36,0.52,297,212.8,212.2,1325,1.0
Mumbai,33.7,25.1,16.9,21.2,54.1,12671,86.9,26.9,Residential,0.3,0.27,354,270.6,292.4,1129,4.6
Dubai,41.6,73.1,13.9,34.7,57.6,24611,77.4,4.0,Park/Green Space,0.19,0.78,118,128.6,69.9,100,14.9
Pune,29.7,60.8,15.9,51.3,40.1,1420,34.5,29.7,Residential,0.52,0.51,57,706.8,231.9,1120,0.9
Jaipur,33.8,26.1,10.6,13.7,56.7,21804,20.6,6.7,Park/Green Space,0.11,0.35,180,461.3,26.3,937,5.7
Sydney,8.6,54.4,8.2,56.2,27.8,19302,32.7,0.8,Commercial,0.26,0.53,136,605.4,114.5,28,0.0
Mumbai,36.4,56.4,19.3,42.0,82.5,10006,92.9,29.9,Industrial,0.11,0.35,260,673.3,152.0,664,6.0
Bhopal,38.7,32.4,10.7,49.7,26.7,6975,62.3,8.8,Commercial,0.15,0.66,45,975.2,80.6,1461,10.7
Ahmedabad,32.4,90.9,11.5,34.3,17.6,28753,58.0,20.2,Mixed Use,0.25,0.48,155,161.4,158.9,1402,2.4
Sydney,21.7,83.7,26.3,47.2,49.3,2517,63.7,5.7,Industrial,0.13,0.08,69,476.1,264.8,72,0.0
Nagpur,47.2,70.2,38.7,2.9,69.2,8457,42.9,17.6,Mixed Use,0.4,0.18,313,321.3,283.3,253,15.0
Houston,30.7,54.7,24.1,49.5,49.4,16730,82.6,27.2,Commercial,0.14,0.7,317,529.0,30.2,515,1.5
Los Angeles,30.0,50.9,3.1,4.3,34.9,9920,57.1,9.9,Park/Green Space,0.45,0.47,312,928.4,81.6,748,2.0
Ahmedabad,35.2,68.8,3.0,53.6,60.2,5292,20.5,20.3,Mixed Use,0.13,0.76,173,751.6,293.7,1043,6.7
Bangalore,20.8,60.9,38.1,59.5,41.2,23714,21.6,6.0,Residential,0.13,0.1,239,695.8,81.1,534,0.0
Bangalore,30.5,24.7,11.9,19.1,94.0,13737,58.3,18.9,Park/Green Space,0.25,0.27,159,497.1,207.8,420,1.1
Mumbai,36.8,58.4,3.7,14.2,93.0,19318,94.3,10.4,Park/Green Space,0.55,0.2,68,704.0,76.0,445,7.3
Hyderabad,37.6,80.5,24.0,46.4,55.2,16751,37.8,6.7,Commercial,0.42,0.47,161,129.1,106.9,878,9.2
Lucknow,37.2,54.4,24.9,16.7,39.5,19752,88.3,9.7,Commercial,0.49,0.34,65,627.6,57.4,135,12.1
Pune,31.7,23.9,25.9,52.2,76.3,11207,78.8,5.8,Industrial,0.17,0.17,182,598.4,256.9,1324,3.8
Jaipur,34.1,79.0,10.7,8.0,13.3,1938,32.3,27.1,Industrial,0.52,0.53,304,412.0,264.8,32,7.9
Pune,37.2,35.1,0.6,9.3,52.7,29240,13.3,12.2,Residential,0.1,0.45,287,281.4,89.1,646,10.0
Jaipur,36.9,39.4,38.6,58.8,40.3,4043,19.2,7.7,Park/Green Space,0.21,0.26,135,826.8,247.1,277,10.6
Ahmedabad,42.8,32.4,10.0,41.1,92.8,11867,75.6,13.7,Residential,0.41,0.41,101,148.5,107.5,132,10.6
Bhopal,20.9,44.8,27.0,51.1,11.1,18665,28.0,10.0,Residential,0.29,0.61,63,162.7,29.7,749,0.0
Delhi,34.9,76.8,28.3,20.8,59.8,16020,43.4,22.5,Commercial,0.59,0.2,213,496.5,227.4,125,8.9
Mumbai,37.2,59.0,24.4,41.2,76.7,6843,55.2,29.2,Residential,0.12,0.27,277,327.3,178.9,344,8.3
New York,23.0,35.4,12.5,36.5,53.7,2763,75.3,13.4,Residential,0.6,0.31,292,770.9,82.3,16,0.0
Beijing,24.4,85.8,10.8,37.0,17.7,10661,20.2,25.9,Mixed Use,0.41,0.61,293,670.8,75.9,823,0.0
Beijing,19.2,86.0,23.9,41.6,97.5,711,46.6,17.2,Industrial,0.38,0.69,297,795.3,292.7,561,0.0
Sydney,22.0,85.3,34.6,35.4,56.6,25583,53.7,5.1,Industrial,0.13,0.33,102,392.2,258.8,646,0.0
Hyderabad,36.5,37.9,37.9,26.9,65.3,23043,58.7,20.9,Park/Green Space,0.24,0.27,77,766.5,242.9,629,7.0
Bangalore,36.0,53.8,4.2,18.0,31.3,14309,83.7,15.6,Industrial,0.56,0.72,72,876.1,38.4,1401,7.1
Bhopal,26.4,93.9,6.2,46.6,53.5,7527,25.5,19.7,Park/Green Space,0.28,0.8,20,410.7,226.6,817,0.0
Ahmedabad,32.3,77.9,37.8,15.1,48.6,831,82.7,26.7,Mixed Use,0.43,0.55,235,405.9,64.4,59,4.9
Tokyo,19.2,22.0,29.5,42.2,16.7,23744,72.4,13.5,Industrial,0.6,0.79,336,910.0,293.2,466,0.0
Bangalore,21.9,24.9,35.3,15.5,19.6,24928,60.0,27.1,Mixed Use,0.23,0.54,247,144.8,15.6,627,0.0
Mumbai,35.8,54.8,8.1,38.3,85.4,8669,73.0,22.6,Industrial,0.39,0.6,273,415.2,105.6,390,8.7
Bangalore,23.4,88.2,23.5,45.3,31.6,25626,47.1,14.9,Industrial,0.45,0.34,178,206.8,128.6,935,0.0
Hyderabad,25.7,60.4,28.0,14.7,27.5,22604,22.5,18.3,Mixed Use,0.18,0.37,306,126.1,247.3,684,0.0
Surat,41.8,57.3,27.2,5.5,55.4,9633,69.9,10.1,Residential,0.17,0.16,85,201.6,229.9,1210,14.6
Chandigarh,37.0,27.9,16.3,9.6,79.2,15091,57.2,29.5,Residential,0.33,0.67,328,488.1,112.5,497,10.1
Bangalore,30.2,69.3,0.6,37.1,15.6,16625,67.5,20.2,Residential,0.29,0.75,114,718.3,169.7,599,1.1
Mumbai,21.9,81.7,23.3,51.3,61.9,1227,40.4,1.8,Residential,0.46,0.52,272,360.4,250.7,1384,0.0
Hyderabad,32.7,48.5,10.1,4.6,20.7,21859,91.6,10.1,Industrial,0.13,0.31,169,864.7,5.5,448,6.4
Beijing,23.0,78.2,18.0,44.6,13.3,11554,62.9,18.9,Commercial,0.59,0.17,42,493.9,240.7,679,0.0
Chandigarh,22.4,92.3,38.3,21.8,14.7,3743,17.7,2.2,Mixed Use,0.11,0.25,263,971.4,284.1,1204,0.0
Pune,34.2,35.3,16.0,29.8,85.1,17532,50.5,1.2,Commercial,0.4,0.24,234,958.7,9.6,129,6.3
Jaipur,28.5,59.2,33.6,55.9,20.6,5595,78.1,13.8,Commercial,0.38,0.51,150,795.9,13.7,148,2.2
Surat,34.9,41.5,7.5,21.3,14.1,14309,81.5,10.3,Park/Green Space,0.17,0.76,362,939.2,103.4,1495,7.3
Surat,31.1,79.5,26.9,29.0,49.4,23498,54.5,13.4,Residential,0.18,0.09,167,736.4,26.3,817,4.0
Lucknow,42.8,63.3,39.1,2.8,86.0,11429,90.5,8.2,Industrial,0.5,0.05,128,906.0,143.8,947,12.3
Indore,31.2,67.6,4.1,6.7,33.6,27823,34.1,5.4,Residential,0.54,0.5,59,312.8,218.6,499,3.8
Houston,35.9,79.8,0.3,17.0,48.0,15342,47.0,20.8,Residential,0.24,0.26,140,410.9,170.1,1378,6.8
Pune,33.1,49.7,17.3,3.6,13.6,24019,90.9,15.7,Commercial,0.32,0.71,314,777.6,58.9,1234,3.8
Los Angeles,27.7,88.6,3.7,38.6,50.4,17893,90.7,6.4,Park/Green Space,0.28,0.3,139,482.1,196.4,657,2.3
Phoenix,51.3,60.0,29.9,26.7,62.0,2050,71.7,9.9,Residential,0.14,0.27,37,853.6,205.5,1053,15.0
Chennai,30.7,31.8,36.6,33.8,61.4,9495,87.3,18.0,Mixed Use,0.44,0.25,188,889.9,279.7,576,1.2
Hyderabad,38.9,72.2,17.4,12.1,39.9,29156,18.0,2.6,Mixed Use,0.51,0.16,217,369.8,44.0,1047,10.4
Beijing,18.5,79.5,10.3,19.2,38.4,15666,87.8,4.8,Residential,0.25,0.49,162,841.1,207.7,983,0.0
Pune,17.7,43.8,17.4,40.5,19.6,7992,38.9,2.7,Commercial,0.6,0.18,56,238.8,273.4,722,0.0
Indore,20.2,84.3,28.9,58.0,43.0,13001,26.0,24.5,Commercial,0.14,0.37,205,400.8,150.5,221,0.0
Surat,30.6,88.0,0.4,4.9,19.0,16067,31.5,22.7,Industrial,0.43,0.4,280,566.2,108.5,601,3.4
Nagpur,35.8,40.8,23.6,53.6,79.0,29340,47.6,22.7,Park/Green Space,0.32,0.07,250,303.8,51.2,683,9.8
Chennai,37.8,93.8,24.5,35.5,97.0,20285,32.6,21.6,Commercial,0.32,0.06,273,621.3,260.0,741,9.0
Indore,34.0,30.6,25.5,34.7,97.3,24331,38.9,20.2,Industrial,0.33,0.44,348,620.8,118.3,924,6.8
Pune,33.5,35.2,9.7,31.0,87.9,13765,22.1,14.6,Mixed Use,0.23,0.57,316,286.2,277.5,579,4.0
Houston,35.8,33.8,28.6,6.0,64.1,5924,36.7,19.4,Mixed Use,0.46,0.76,29,816.1,254.3,400,11.5
Tokyo,35.9,87.0,3.7,7.2,73.1,21125,61.5,1.6,Mixed Use,0.46,0.18,343,668.5,113.0,900,9.3
Delhi,27.2,69.1,8.0,36.9,35.7,14586,49.8,18.8,Residential,0.24,0.13,249,386.0,172.2,511,0.0
Lucknow,33.9,31.4,35.1,21.8,66.8,29687,41.2,23.4,Park/Green Space,0.52,0.09,43,309.0,8.2,87,4.7
Indore,28.6,53.0,29.5,55.2,51.0,3661,77.2,15.3,Industrial,0.26,0.38,97,890.9,79.0,1488,0.4
Dubai,45.5,66.1,0.5,25.6,53.4,29624,90.4,11.0,Park/Green Space,0.46,0.52,212,852.2,213.1,49,15.0
London,22.9,26.3,9.9,10.3,78.2,21039,78.1,8.7,Residential,0.16,0.68,128,306.8,203.4,102,0.0
Kolkata,29.5,86.2,8.6,43.5,35.4,24362,39.9,19.5,Industrial,0.18,0.56,299,132.0,106.0,367,0.0
Bhopal,34.7,80.3,10.8,19.0,38.6,25603,77.0,20.9,Industrial,0.26,0.21,282,824.1,242.6,935,6.9
Bhopal,32.6,57.9,9.9,32.5,93.2,28374,23.7,26.2,Commercial,0.4,0.4,348,654.0,70.8,1291,4.6
Phoenix,30.7,92.5,2.5,42.5,15.1,9715,21.7,10.6,Park/Green Space,0.42,0.73,382,190.8,138.4,1420,2.5
Nagpur,32.8,51.3,18.4,54.2,53.7,7117,41.1,23.2,Park/Green Space,0.3,0.3,374,628.6,141.8,1343,4.6
Beijing,27.9,93.8,29.3,47.9,92.2,22544,82.7,17.1,Commercial,0.14,0.42,397,507.0,102.2,1472,0.0
Dubai,39.6,70.1,24.3,41.2,64.9,12426,32.2,26.5,Mixed Use,0.29,0.77,287,797.1,286.4,1499,12.9
Pune,23.7,67.6,26.9,41.4,59.2,15592,15.7,16.1,Residential,0.44,0.6,360,288.2,209.0,897,0.0
Mumbai,24.8,32.4,3.2,56.9,32.5,25508,21.9,15.8,Park/Green Space,0.44,0.61,278,507.8,161.8,908,0.0
Mumbai,32.2,86.1,38.1,19.2,40.9,16660,87.3,17.5,Commercial,0.18,0.24,354,240.6,153.2,1263,0.0
Dubai,49.9,52.1,33.5,2.1,86.7,18060,67.0,22.6,Industrial,0.1,0.36,104,961.8,47.8,257,15.0
Dubai,36.2,32.2,32.2,17.8,60.3,24840,32.8,29.0,Commercial,0.48,0.11,29,800.9,111.7,389,5.7
Phoenix,42.3,20.9,32.9,14.6,56.3,25476,60.0,2.7,Mixed Use,0.15,0.5,308,763.1,201.8,1366,15.0
Indore,27.3,62.0,37.3,40.4,19.0,16138,57.5,2.1,Residential,0.14,0.13,321,721.2,277.4,772,1.5
Jaipur,37.2,59.6,21.8,38.8,11.4,27180,69.0,28.2,Mixed Use,0.1,0.68,78,481.0,244.9,753,7.8
Bangalore,27.7,74.0,8.0,36.4,96.7,28126,31.0,16.1,Industrial,0.32,0.66,327,931.0,90.1,1410,0.0
Pune,33.4,86.8,24.7,2.9,43.9,2733,87.8,18.6,Industrial,0.35,0.45,281,165.6,130.2,393,4.5
Kolkata,27.2,26.0,29.7,44.3,64.3,27521,37.8,14.7,Industrial,0.42,0.16,304,822.9,24.9,682,1.1
Ahmedabad,27.8,74.9,29.5,20.8,17.2,5200,72.5,3.3,Industrial,0.25,0.07,138,293.7,30.7,269,0.0
Jaipur,40.7,34.1,20.9,40.6,71.5,11527,11.5,23.2,Commercial,0.46,0.65,187,391.6,141.1,148,15.0
Hyderabad,32.8,84.4,2.7,34.3,93.9,22790,43.5,22.5,Industrial,0.18,0.5,372,567.5,159.1,1403,5.4
Mumbai,31.1,81.4,14.8,21.9,61.8,8360,41.7,9.7,Industrial,0.52,0.58,208,804.4,79.2,810,3.5
Houston,34.6,60.6,36.8,9.8,21.4,8026,58.9,9.5,Commercial,0.39,0.28,270,854.7,192.8,27,6.7
Lucknow,29.7,73.3,23.4,7.5,62.4,6059,16.5,25.2,Industrial,0.39,0.43,343,625.4,211.0,1172,2.9
Bhopal,36.3,43.6,21.5,50.2,79.0,7232,81.1,2.6,Mixed Use,0.2,0.61,248,462.7,89.7,1443,5.7
Sydney,13.9,55.3,10.8,55.3,46.6,3013,29.6,26.5,Mixed Use,0.14,0.4,209,951.9,227.5,279,0.0
Surat,42.9,81.6,14.7,39.7,89.2,8330,70.9,8.1,Park/Green Space,0.33,0.5,335,321.9,61.7,1205,14.8
Tokyo,21.8,54.4,35.8,8.0,68.4,15281,82.3,18.0,Mixed Use,0.41,0.64,143,822.8,163.3,165,0.0
Sydney,21.8,46.8,26.7,25.3,90.9,26849,60.6,28.1,Residential,0.15,0.21,103,650.8,241.3,16,0.0
Jaipur,32.7,57.1,31.5,44.3,66.1,23828,76.7,20.5,Residential,0.58,0.1,316,439.2,161.1,1173,3.1
Phoenix,38.6,82.1,18.2,47.2,21.8,8410,69.6,12.7,Residential,0.59,0.45,234,101.2,272.4,338,10.6
Los Angeles,26.0,45.1,25.2,8.9,37.9,16347,42.0,20.8,Commercial,0.37,0.1,256,501.9,17.6,1068,0.0
Los Angeles,28.2,33.0,9.9,2.0,28.2,6149,82.8,10.6,Mixed Use,0.58,0.62,132,349.0,176.5,841,0.0
Phoenix,45.3,73.4,28.2,43.3,91.8,17980,36.5,8.7,Residential,0.19,0.59,236,193.9,168.5,188,15.0
Bhopal,45.3,81.9,17.1,22.7,78.4,9620,61.4,29.9,Park/Green Space,0.11,0.71,340,167.6,198.1,650,15.0
Pune,39.3,27.5,17.7,16.8,70.9,2451,77.1,22.6,Commercial,0.12,0.53,265,412.8,250.0,1084,12.0
Delhi,33.5,38.0,26.0,2.7,37.1,10665,44.1,19.5,Park/Green Space,0.39,0.1,354,653.3,217.8,293,7.5
Bangalore,21.4,30.6,37.5,33.3,26.6,14852,37.2,11.0,Mixed Use,0.13,0.24,338,853.8,237.1,1056,0.0
Los Angeles,20.9,46.1,2.6,51.4,78.1,10246,51.3,2.0,Industrial,0.58,0.66,393,265.2,86.6,1322,0.0
Hyderabad,30.2,53.8,33.0,57.5,52.7,11470,83.6,1.4,Park/Green Space,0.17,0.18,56,482.2,116.2,414,2.1
Los Angeles,18.7,76.2,11.7,34.8,30.3,29497,93.7,16.8,Industrial,0.25,0.57,83,452.8,188.0,802,0.0
Sydney,28.1,68.8,17.8,31.8,65.5,9686,59.1,23.0,Commercial,0.51,0.64,238,562.1,166.0,430,0.0
Los Angeles,35.3,66.6,0.9,6.9,13.6,24683,69.5,16.4,Park/Green Space,0.21,0.3,361,828.6,288.3,1123,7.2
Los Angeles,29.0,46.4,12.0,33.8,39.4,9304,91.3,25.3,Park/Green Space,0.22,0.29,53,598.3,56.1,1046,0.1
Delhi,31.7,83.1,20.1,24.0,52.2,27669,18.9,1.5,Commercial,0.42,0.47,58,862.0,105.4,1443,0.9
Delhi,32.8,55.3,2.2,37.2,23.3,1095,30.9,11.3,Commercial,0.24,0.7,86,566.7,171.8,1447,4.1
Tokyo,38.4,93.4,19.6,24.5,98.6,8375,73.8,7.5,Residential,0.21,0.22,228,643.5,260.4,486,8.7
Beijing,32.6,67.6,37.1,15.9,28.8,25917,84.1,13.7,Mixed Use,0.23,0.76,337,493.6,278.8,88,4.9
Hyderabad,32.7,29.5,4.2,7.5,21.7,21323,87.1,2.6,Park/Green Space,0.35,0.5,363,840.8,100.8,1232,3.7
Mumbai,32.3,70.7,30.6,20.3,28.3,6472,47.4,28.6,Park/Green Space,0.58,0.79,171,931.4,20.1,270,6.0
Mumbai,36.4,44.4,16.4,7.6,79.2,16382,18.0,7.1,Commercial,0.52,0.12,384,675.2,126.5,899,10.8
Houston,35.2,71.5,26.2,12.3,48.3,1358,49.4,27.7,Commercial,0.24,0.14,218,838.7,118.3,1429,8.2
Delhi,32.0,25.2,10.4,59.3,60.9,6019,30.8,13.1,Mixed Use,0.28,0.67,108,153.1,295.9,277,1.7
London,5.4,33.1,6.4,27.8,11.9,24269,36.2,29.6,Commercial,0.33,0.7,267,915.5,129.3,205,0.0
Bhopal,29.1,84.2,6.4,32.8,13.1,25520,79.5,16.8,Industrial,0.59,0.38,342,270.0,91.7,912,3.5
Kolkata,30.1,37.0,2.8,52.7,50.1,10480,16.8,28.0,Industrial,0.19,0.59,98,330.9,109.6,327,2.1
Beijing,21.9,82.8,7.4,59.7,83.5,4817,84.5,0.7,Industrial,0.28,0.7,304,148.0,119.1,857,0.0
Chennai,38.8,40.9,26.6,35.8,89.7,20338,48.5,22.6,Industrial,0.46,0.08,349,968.9,246.5,876,10.0
Beijing,13.3,68.2,35.3,49.1,17.8,12644,63.6,27.1,Mixed Use,0.58,0.48,51,866.8,24.3,861,0.0
Nagpur,32.4,72.1,32.6,21.0,58.5,13379,18.1,4.6,Park/Green Space,0.18,0.69,106,921.9,95.0,335,3.3
Sydney,34.1,58.4,27.4,19.7,92.2,1530,40.4,3.3,Industrial,0.21,0.35,58,862.5,289.9,605,8.7
Los Angeles,21.3,42.9,4.4,25.4,44.9,9987,18.1,13.0,Commercial,0.21,0.28,120,531.6,45.9,591,0.0
Kolkata,40.1,35.9,11.6,41.0,84.7,24790,96.5,28.0,Industrial,0.11,0.65,263,931.7,222.8,1061,12.1
Sydney,14.7,22.5,12.4,41.6,22.0,13805,82.7,16.5,Mixed Use,0.4,0.3,251,972.5,106.9,1013,0.0
Hyderabad,48.0,42.8,10.0,20.3,94.2,10755,51.4,16.1,Commercial,0.44,0.05,87,552.3,174.5,1251,15.0
Phoenix,42.6,69.0,20.6,9.7,77.6,1947,30.1,4.7,Industrial,0.4,0.77,211,258.1,29.9,1157,13.9
Delhi,39.7,90.4,21.4,38.7,94.7,10737,94.0,0.5,Park/Green Space,0.14,0.49,47,692.8,91.9,707,11.8
Kolkata,38.9,85.3,14.3,9.4,70.9,29695,41.0,24.4,Commercial,0.13,0.66,289,977.9,150.3,977,10.1
Tokyo,25.0,77.5,14.2,35.6,42.7,3350,24.5,3.1,Commercial,0.21,0.67,245,884.9,69.5,1413,0.0
Nagpur,32.0,79.1,33.1,42.2,94.4,28900,60.7,19.2,Park/Green Space,0.25,0.1,96,875.6,162.6,424,4.3
New York,21.9,69.9,31.6,42.6,34.8,27144,94.9,27.5,Commercial,0.49,0.18,242,940.4,65.9,586,0.0
New York,16.7,39.5,12.3,45.7,39.9,12453,10.3,6.7,Industrial,0.18,0.28,391,904.6,195.0,805,0.0
Mumbai,21.9,88.0,36.6,52.6,73.1,8606,31.4,20.1,Commercial,0.12,0.29,186,798.7,271.3,719,0.0
Jaipur,42.4,70.3,38.1,31.0,78.9,27351,94.5,2.8,Industrial,0.3,0.54,303,746.4,25.6,1450,12.5
Kolkata,33.1,62.0,13.1,44.4,93.6,24035,25.4,18.3,Park/Green Space,0.31,0.52,211,338.3,65.0,948,4.7
New York,20.6,28.3,14.2,37.9,28.4,10500,20.2,5.3,Residential,0.33,0.42,108,659.2,253.3,654,0.0
Bangalore,35.0,53.5,20.2,12.8,81.8,10003,61.3,22.2,Park/Green Space,0.51,0.21,51,569.3,189.5,473,8.0
Phoenix,44.8,54.5,37.6,3.5,76.5,23836,87.6,9.4,Industrial,0.15,0.34,156,875.7,23.6,567,15.0
Chennai,39.1,84.8,35.1,18.5,15.7,15993,52.9,14.2,Mixed Use,0.45,0.46,175,542.5,145.9,1384,12.4
Houston,33.4,61.0,4.1,27.7,44.9,4555,99.5,18.2,Park/Green Space,0.27,0.4,269,215.0,62.9,210,6.0
Bangalore,20.6,48.5,15.7,37.8,35.4,5902,71.1,5.6,Mixed Use,0.25,0.15,114,104.5,59.7,1202,0.0
Houston,22.1,93.3,22.1,51.3,37.4,27527,16.7,22.4,Mixed Use,0.57,0.54,36,710.1,282.2,1081,0.0
Phoenix,50.8,28.3,20.1,13.4,98.5,9781,99.4,9.4,Industrial,0.22,0.1,136,594.9,228.5,1096,15.0
Pune,38.8,51.7,7.8,9.3,67.8,2172,46.7,20.0,Industrial,0.42,0.33,352,397.9,208.9,214,8.7
Phoenix,31.0,23.2,34.4,57.9,74.6,28751,35.9,5.2,Residential,0.24,0.58,330,252.1,71.7,899,4.1
Jaipur,46.7,75.5,27.1,8.3,97.9,5032,60.2,20.8,Commercial,0.35,0.07,29,520.0,35.6,1096,15.0
Mumbai,22.6,88.9,33.5,29.8,43.9,5424,37.4,4.3,Park/Green Space,0.49,0.48,99,190.3,261.2,466,0.0
Ahmedabad,40.2,41.0,34.4,36.0,82.2,15769,17.8,13.0,Industrial,0.54,0.3,153,402.5,1.8,1294,13.4
Pune,22.3,84.4,29.9,33.4,49.1,13046,10.1,7.8,Park/Green Space,0.52,0.06,222,441.3,116.4,353,0.0
Chicago,28.6,41.9,17.6,7.0,88.3,27079,50.5,22.6,Mixed Use,0.39,0.19,135,519.1,83.3,1257,0.6
Ahmedabad,43.0,88.3,24.4,5.3,26.3,6585,85.3,8.2,Commercial,0.22,0.76,239,520.0,171.1,1342,13.8
Mumbai,42.0,76.5,6.4,8.1,95.3,12890,61.5,26.5,Residential,0.43,0.44,272,331.3,75.2,1042,14.2
Nagpur,38.3,80.4,26.9,36.0,29.7,13780,99.9,26.8,Park/Green Space,0.45,0.8,188,865.2,93.4,624,9.5
Dubai,40.2,21.4,7.2,33.6,39.4,24618,35.8,6.3,Commercial,0.11,0.44,354,420.0,255.0,371,11.3
Dubai,47.7,92.2,27.8,15.6,78.1,5364,35.2,18.6,Residential,0.32,0.46,335,306.6,181.0,183,15.0
Chicago,24.0,74.5,9.2,39.0,45.4,9816,24.4,3.1,Park/Green Space,0.52,0.34,224,258.2,43.7,1300,0.0
Beijing,22.7,42.9,4.7,49.6,64.7,1721,24.8,12.1,Commercial,0.34,0.28,317,390.3,217.9,673,0.0
Lucknow,40.7,82.2,6.6,4.4,50.0,3360,35.7,21.5,Industrial,0.26,0.24,391,160.8,62.2,754,12.7
Bangalore,27.6,41.1,0.1,30.9,76.8,27349,81.4,20.0,Park/Green Space,0.54,0.31,267,129.6,129.9,1168,0.0
Pune,28.4,85.5,28.7,42.0,30.5,28066,91.5,18.9,Commercial,0.18,0.39,384,644.6,194.0,1104,0.9
New York,27.5,28.4,29.3,16.6,15.3,11202,97.8,8.8,Residential,0.2,0.19,90,657.2,81.6,321,2.3
New York,23.7,72.8,20.6,19.9,37.0,8928,30.9,11.7,Commercial,0.44,0.22,175,576.6,115.2,434,0.0
Dubai,43.0,60.6,6.5,37.6,52.7,15885,89.3,3.5,Industrial,0.28,0.25,121,786.1,220.2,1066,15.0
Phoenix,32.8,27.2,3.3,54.1,25.1,9836,39.5,21.7,Park/Green Space,0.46,0.39,32,135.2,281.4,1336,3.3
Los Angeles,25.9,38.1,0.8,49.0,41.9,3753,20.2,15.4,Park/Green Space,0.18,0.54,290,942.4,158.8,292,0.0
Delhi,35.4,20.9,6.6,35.8,46.0,4282,88.3,21.4,Park/Green Space,0.23,0.69,311,185.6,3.0,687,6.6
Mumbai,24.1,55.2,35.6,44.4,15.2,23841,67.2,7.8,Industrial,0.18,0.27,239,706.6,101.5,887,0.0
New York,29.3,42.6,9.7,23.2,62.5,17650,24.8,10.1,Residential,0.58,0.19,34,220.1,119.6,68,1.1
Bhopal,29.4,64.9,14.2,39.2,89.6,19565,48.7,10.4,Park/Green Space,0.3,0.33,257,891.9,101.8,55,2.9
Hyderabad,33.1,42.3,4.2,29.0,23.7,24594,35.9,1.3,Residential,0.27,0.72,136,559.6,130.9,630,3.1
Hyderabad,34.9,42.5,8.9,13.0,63.8,16843,76.3,10.6,Commercial,0.11,0.06,350,174.1,189.8,1227,3.5
Beijing,31.2,75.7,20.8,42.7,69.8,24366,50.8,24.2,Residential,0.18,0.56,75,655.1,36.3,419,2.9
Jaipur,35.2,23.6,24.3,34.3,47.7,21970,99.0,27.0,Residential,0.31,0.41,370,108.2,81.8,566,7.9
Jaipur,38.0,87.7,9.8,22.8,73.1,24848,14.9,15.8,Park/Green Space,0.13,0.17,151,798.4,152.3,549,10.2
Bangalore,26.7,83.9,2.3,54.9,47.0,19549,42.0,13.9,Mixed Use,0.36,0.29,245,685.5,94.7,242,0.5
Houston,27.4,70.1,15.6,3.2,55.4,10451,53.4,1.4,Mixed Use,0.33,0.22,327,291.4,297.3,1224,0.1
New York,20.0,64.5,9.4,20.3,10.7,16769,55.3,26.4,Industrial,0.48,0.71,241,437.3,129.4,747,0.0
New York,34.5,86.9,8.8,5.3,72.3,15067,38.4,0.9,Industrial,0.43,0.41,192,107.0,260.9,1497,3.0
Bangalore,30.8,33.9,38.4,46.5,69.5,12183,75.6,28.4,Mixed Use,0.32,0.47,359,724.3,269.0,526,2.4
Phoenix,36.1,25.9,24.7,42.7,13.5,27891,88.7,14.9,Commercial,0.21,0.5,304,390.4,250.8,76,9.6
Sydney,21.3,38.0,22.3,21.2,43.1,4013,94.5,10.6,Park/Green Space,0.46,0.53,328,614.4,14.1,439,0.0
Tokyo,32.3,79.6,16.6,41.2,98.1,17379,82.5,27.8,Park/Green Space,0.45,0.42,176,961.1,284.3,1286,4.3
Sydney,29.5,22.6,17.2,25.0,47.9,13835,86.6,1.2,Commercial,0.18,0.06,170,369.5,38.6,1208,2.1
Mumbai,30.7,63.7,21.6,45.9,55.2,11872,59.5,17.7,Commercial,0.56,0.3,204,991.2,10.3,1078,1.2
Sydney,34.4,94.7,27.9,28.3,91.9,6322,84.3,16.7,Mixed Use,0.13,0.19,197,669.5,124.3,1331,7.3
Phoenix,38.1,84.2,28.1,25.9,74.6,15337,37.3,7.0,Industrial,0.13,0.56,40,317.9,58.4,515,12.6
Nagpur,32.2,59.1,6.9,56.2,62.4,12622,45.9,13.2,Commercial,0.19,0.09,131,493.1,55.3,1322,3.9
Los Angeles,19.7,24.8,20.0,16.6,81.8,2572,38.5,19.7,Industrial,0.55,0.47,190,766.4,86.3,1253,0.0
Ahmedabad,47.0,82.4,16.5,9.0,87.8,24679,52.1,22.0,Residential,0.36,0.21,157,501.8,74.5,1400,15.0
Chennai,32.6,64.9,34.8,35.9,51.1,9029,35.7,0.5,Park/Green Space,0.49,0.76,252,161.7,205.4,1309,1.3
Kolkata,24.3,28.6,25.3,58.2,52.8,20833,96.5,28.1,Mixed Use,0.21,0.3,351,251.7,56.0,1161,0.0
Ahmedabad,28.7,27.0,21.3,23.9,44.7,22917,38.2,5.4,Park/Green Space,0.35,0.29,49,812.2,162.9,614,1.4
Phoenix,43.5,88.2,4.6,5.6,97.0,28184,18.8,7.4,Mixed Use,0.28,0.74,326,683.5,295.9,1030,15.0
Bangalore,34.7,70.2,24.2,21.7,72.7,26893,57.4,8.3,Residential,0.51,0.36,180,612.8,129.7,675,6.4
New York,18.8,82.2,4.7,31.3,17.5,25212,15.1,1.6,Park/Green Space,0.11,0.77,97,250.9,192.6,1442,0.0
Dubai,41.4,85.9,13.5,11.4,87.7,19439,19.9,4.1,Residential,0.22,0.07,297,854.0,290.8,1495,12.1
Bangalore,22.9,62.9,5.7,40.2,53.3,23254,29.7,29.6,Mixed Use,0.18,0.28,339,964.7,41.3,419,0.0
Dubai,26.4,58.8,27.7,59.9,16.2,21299,51.8,9.8,Commercial,0.53,0.55,40,136.8,125.6,275,0.0
Chicago,16.4,52.3,8.3,28.2,59.5,6459,49.0,3.9,Park/Green Space,0.33,0.72,382,170.2,255.1,607,0.0
Chandigarh,29.0,43.8,15.7,22.6,47.5,9607,82.0,3.7,Residential,0.3,0.24,391,896.3,279.7,570,0.5
Chicago,22.4,52.6,35.8,25.2,89.0,6493,76.6,21.7,Park/Green Space,0.32,0.75,399,834.0,180.4,89,0.0
Delhi,38.6,78.0,8.2,8.7,28.4,28614,48.4,25.7,Park/Green Space,0.59,0.5,162,656.1,43.0,281,9.7
Tokyo,23.7,65.1,20.3,53.2,84.4,5521,40.0,8.1,Park/Green Space,0.53,0.65,55,950.5,270.4,1194,0.0
Bangalore,26.0,86.9,16.8,26.1,60.2,27176,38.5,1.1,Industrial,0.45,0.35,322,681.8,52.3,637,0.0
New York,33.5,53.3,0.7,24.5,14.9,19791,79.7,7.1,Residential,0.25,0.21,233,294.4,105.9,810,5.0
Jaipur,32.8,65.5,31.7,40.3,97.5,19798,14.7,2.2,Residential,0.18,0.73,51,755.8,112.7,1378,4.9
Chennai,39.1,67.3,2.8,27.6,56.1,14046,11.2,3.6,Park/Green Space,0.56,0.75,205,681.1,134.2,1227,11.2
Mumbai,37.3,64.4,19.0,39.6,36.2,10674,81.6,13.2,Commercial,0.31,0.42,193,987.2,237.0,1312,10.4
Chennai,31.5,72.7,22.4,5.6,52.2,16638,52.9,7.3,Park/Green Space,0.24,0.05,73,292.5,240.6,867,3.3
Mumbai,31.3,37.8,25.1,49.2,87.2,20754,21.8,15.7,Industrial,0.34,0.13,180,638.1,215.9,461,2.8
Chandigarh,22.1,58.4,27.5,56.5,37.4,29604,31.2,8.0,Mixed Use,0.56,0.48,269,802.2,6.6,749,0.0
London,14.9,27.8,10.1,39.6,27.3,12259,93.9,28.2,Industrial,0.29,0.07,270,405.1,169.5,1196,0.0
New York,22.7,48.8,0.4,57.4,21.6,9690,87.4,27.2,Commercial,0.38,0.35,298,441.7,224.2,300,0.0
Phoenix,38.5,56.6,28.9,10.8,36.8,27223,73.9,17.2,Park/Green Space,0.5,0.28,190,899.1,133.4,599,13.5
Sydney,25.1,68.9,21.4,29.7,80.2,21969,53.4,11.0,Residential,0.31,0.59,202,463.8,283.5,528,0.0
Ahmedabad,33.8,91.3,33.4,36.9,52.4,13386,56.8,11.7,Park/Green Space,0.22,0.09,21,662.3,247.1,139,5.4
Pune,28.1,65.0,32.9,35.7,30.5,23430,97.8,12.6,Commercial,0.6,0.42,213,900.3,191.4,277,0.0
Bangalore,22.8,75.8,33.7,25.3,25.0,17279,96.9,22.0,Residential,0.58,0.48,185,288.8,18.7,662,0.0
Los Angeles,27.5,58.0,19.4,21.6,39.9,28674,29.4,13.8,Industrial,0.52,0.51,266,983.7,195.7,510,0.0
Mumbai,45.9,67.6,13.3,9.4,94.6,29586,83.0,25.8,Mixed Use,0.44,0.35,263,731.8,273.5,1369,15.0
New York,23.2,25.3,31.7,24.7,40.9,17822,27.8,28.4,Mixed Use,0.25,0.28,129,546.5,113.8,1163,0.0
Bhopal,37.3,39.1,18.1,11.4,98.9,10328,29.2,10.4,Park/Green Space,0.56,0.56,399,487.8,251.4,113,10.9
Houston,27.4,47.1,7.3,44.6,53.7,27800,70.8,17.0,Industrial,0.24,0.69,342,958.9,93.9,579,0.3
Tokyo,20.9,55.4,34.2,14.1,26.1,3010,46.5,3.3,Commercial,0.5,0.57,90,285.2,171.0,1389,0.0
Beijing,44.1,23.4,35.3,5.4,90.2,21520,93.8,6.4,Mixed Use,0.56,0.75,183,380.5,194.5,690,12.7
Tokyo,26.8,30.5,18.7,34.0,51.4,18533,18.0,12.7,Industrial,0.4,0.59,304,377.0,203.4,636,0.0
Chandigarh,30.7,40.8,3.0,36.5,73.9,20574,56.0,6.6,Park/Green Space,0.5,0.62,394,360.1,264.8,1420,2.3
Kolkata,37.7,92.9,15.5,52.6,98.5,3935,92.7,26.4,Residential,0.5,0.18,132,521.7,70.4,822,13.6
Kolkata,28.2,44.9,32.1,35.5,14.5,3701,91.4,5.2,Park/Green Space,0.2,0.36,247,990.3,78.7,874,1.0
Indore,29.8,56.2,36.1,22.0,18.7,21063,24.1,13.9,Park/Green Space,0.43,0.41,320,899.9,211.2,939,0.0
Houston,32.5,34.7,8.1,48.6,74.8,29442,43.0,18.4,Industrial,0.15,0.24,35,395.2,53.2,941,3.5
Tokyo,29.5,65.8,2.7,33.3,35.4,27367,65.7,20.9,Mixed Use,0.35,0.45,50,480.6,139.3,1134,1.4
Ahmedabad,31.3,41.1,35.1,6.6,26.6,29559,24.3,11.8,Industrial,0.18,0.27,181,702.5,6.0,357,3.7
Delhi,32.7,35.5,15.6,34.8,13.5,25289,97.1,26.1,Residential,0.31,0.57,325,115.4,42.3,1261,2.7
London,5.5,58.7,21.7,54.7,12.0,15653,92.3,17.3,Industrial,0.52,0.4,212,838.1,203.7,2,0.0
Mumbai,28.0,20.4,38.7,25.0,79.7,20121,25.0,13.5,Commercial,0.59,0.39,229,891.8,224.2,403,0.0
Surat,36.3,20.6,2.7,19.2,22.1,20746,20.9,2.5,Park/Green Space,0.26,0.79,397,871.5,34.6,24,6.6
Mumbai,29.3,36.4,25.9,10.3,52.1,558,17.7,14.2,Mixed Use,0.37,0.34,251,437.5,68.3,508,1.7
Hyderabad,37.4,22.8,3.0,10.8,64.5,11622,91.8,24.7,Residential,0.36,0.32,203,515.8,29.7,695,10.6
New York,23.6,28.1,15.0,27.1,48.6,21822,27.4,18.6,Park/Green Space,0.58,0.29,34,111.1,130.0,1488,0.0
Houston,27.0,45.4,32.2,36.5,12.4,3471,47.5,25.0,Industrial,0.34,0.72,324,459.5,37.8,60,0.0
Chennai,36.6,80.2,17.3,6.7,80.5,10219,50.4,15.1,Commercial,0.45,0.42,228,514.4,131.2,122,7.9
Bangalore,5.3,62.9,39.9,56.5,10.9,14517,63.9,4.0,Industrial,0.56,0.5,191,916.3,219.6,54,0.0
Los Angeles,20.1,58.5,22.4,45.8,78.6,8814,16.5,0.9,Park/Green Space,0.29,0.19,285,904.6,205.0,1186,0.0
Los Angeles,32.5,42.0,12.8,36.0,90.4,28795,30.4,9.4,Residential,0.55,0.46,39,969.5,84.1,973,4.7
Bhopal,33.4,89.9,8.8,50.0,49.0,10128,93.8,21.1,Mixed Use,0.56,0.26,89,896.6,202.1,1062,4.5
Chandigarh,43.2,49.8,14.0,6.7,58.2,9854,91.8,23.8,Park/Green Space,0.57,0.6,27,107.4,278.3,1106,14.5
London,15.8,26.5,14.9,29.7,52.9,11992,80.3,9.2,Residential,0.24,0.67,53,677.3,104.3,545,0.0
Kolkata,24.1,66.3,2.7,38.5,45.0,3845,11.7,15.1,Park/Green Space,0.3,0.59,243,161.4,98.7,112,0.0
Bangalore,30.8,28.5,14.8,50.1,89.9,19370,39.4,12.9,Commercial,0.54,0.6,198,345.3,171.4,424,3.3
Jaipur,38.4,45.9,18.6,47.4,90.5,15857,66.5,12.6,Industrial,0.28,0.43,265,620.5,73.7,917,9.5
Hyderabad,33.5,58.1,28.9,18.1,40.2,1061,34.8,7.3,Mixed Use,0.4,0.58,279,730.6,195.5,229,4.3
Sydney,26.8,85.6,26.3,56.6,65.4,20865,91.9,4.5,Residential,0.16,0.37,127,689.2,249.7,1306,0.0
Los Angeles,34.3,57.0,28.4,9.2,93.4,6761,67.1,6.3,Mixed Use,0.13,0.54,261,144.2,137.8,916,9.6
Chandigarh,33.7,72.7,0.3,52.8,96.6,2237,16.5,2.1,Mixed Use,0.31,0.24,43,193.2,203.9,1310,5.1
London,20.2,94.5,8.7,58.3,55.8,9596,91.8,6.3,Mixed Use,0.39,0.1,235,215.7,195.6,154,0.0
Bangalore,34.5,29.9,26.5,12.3,50.8,20438,96.2,0.8,Residential,0.3,0.36,74,182.3,11.6,164,5.9
Mumbai,30.2,40.6,19.4,43.9,35.1,13182,17.0,19.0,Residential,0.39,0.4,45,260.4,55.0,961,2.6
Phoenix,53.5,49.6,0.2,4.3,96.3,26802,57.9,9.8,Mixed Use,0.36,0.24,300,719.6,268.1,1205,15.0
London,20.5,51.6,32.2,25.5,22.9,27999,37.3,29.2,Industrial,0.44,0.6,311,847.8,281.7,1262,0.0
Beijing,23.2,50.8,30.9,31.9,62.2,12223,45.4,6.2,Park/Green Space,0.42,0.11,346,467.9,234.1,648,0.0
Mumbai,30.2,88.1,21.9,35.7,35.4,12598,26.2,10.7,Mixed Use,0.31,0.22,205,723.5,276.4,1362,4.7
Bangalore,23.0,73.6,2.7,56.3,35.1,9626,62.0,11.1,Commercial,0.31,0.61,31,280.0,91.8,937,0.0
Chicago,18.1,65.6,30.7,41.0,46.4,13889,96.2,0.7,Mixed Use,0.17,0.38,148,976.0,74.3,511,0.0
Dubai,41.2,43.2,23.3,29.9,99.9,23979,55.3,25.3,Residential,0.36,0.58,391,415.0,115.3,931,14.4
Lucknow,27.1,81.8,31.3,49.0,14.9,8766,17.5,1.4,Park/Green Space,0.39,0.48,227,861.3,16.6,265,0.0
Tokyo,23.8,91.6,30.1,57.1,62.1,794,65.8,28.2,Commercial,0.34,0.76,152,950.8,243.0,186,0.0
Bangalore,28.9,81.6,32.1,3.3,17.4,25096,40.6,26.8,Park/Green Space,0.26,0.5,358,878.2,295.3,1063,1.0
Ahmedabad,29.9,20.1,20.7,59.0,23.9,11934,87.0,16.3,Park/Green Space,0.46,0.06,215,160.4,247.2,390,2.8
Chandigarh,35.5,67.7,5.6,7.0,49.6,26114,49.1,16.5,Commercial,0.14,0.31,281,685.3,166.5,1283,5.3
Sydney,23.3,23.8,26.8,49.2,55.9,5830,27.4,19.8,Mixed Use,0.56,0.16,301,208.1,88.6,654,0.0
Chicago,14.6,39.3,24.8,18.3,33.3,5155,27.2,11.9,Mixed Use,0.11,0.74,388,105.1,59.3,175,0.0
Surat,36.7,24.5,29.7,9.7,38.5,17993,79.2,19.6,Mixed Use,0.58,0.13,122,146.6,109.2,773,10.6
Tokyo,22.8,65.3,6.8,27.5,17.8,13960,33.9,1.8,Industrial,0.33,0.34,139,924.5,200.1,763,0.0
Beijing,28.8,71.5,7.8,39.3,37.3,4271,79.1,2.1,Mixed Use,0.31,0.22,202,917.6,134.1,1352,0.2
Delhi,31.9,28.6,35.6,24.1,97.0,9063,28.5,14.0,Commercial,0.23,0.69,28,303.2,280.2,930,0.0
Lucknow,46.9,48.8,30.0,5.2,95.0,23007,39.0,16.7,Industrial,0.11,0.28,64,592.4,256.3,1223,15.0
Delhi,31.7,54.2,36.3,36.8,40.1,24531,51.9,26.7,Mixed Use,0.24,0.79,263,959.5,30.7,710,3.0
Los Angeles,25.0,47.7,30.3,54.3,61.4,29989,94.9,3.6,Industrial,0.15,0.08,289,547.0,39.5,1219,0.0
Ahmedabad,41.3,29.1,23.9,24.2,91.9,18058,93.9,24.8,Commercial,0.43,0.15,131,454.2,202.9,825,13.9
Mumbai,31.0,51.4,26.2,14.5,10.6,1664,28.6,6.7,Mixed Use,0.26,0.22,74,534.9,69.2,588,1.8
Jaipur,37.2,76.3,35.6,27.7,83.0,26168,42.2,12.1,Residential,0.48,0.66,34,811.2,237.3,530,10.8
Nagpur,47.5,25.3,23.2,4.8,95.4,9975,23.4,9.8,Commercial,0.2,0.71,56,529.5,177.4,1085,15.0
Tokyo,13.0,26.0,25.3,49.6,18.2,27087,55.9,12.3,Park/Green Space,0.55,0.1,197,804.9,68.9,1350,0.0
New York,20.3,46.6,6.3,49.9,24.5,25921,51.5,4.9,Park/Green Space,0.36,0.07,146,488.5,143.6,280,0.0
Pune,38.5,90.6,19.0,36.1,96.5,27067,91.1,15.4,Commercial,0.16,0.61,136,326.8,121.8,226,9.0
Lucknow,36.8,70.1,28.7,22.5,58.4,25596,93.7,24.1,Park/Green Space,0.3,0.15,359,393.8,261.9,638,7.6
Beijing,18.2,70.9,10.8,48.4,11.3,21350,44.5,13.5,Commercial,0.2,0.15,91,170.0,9.6,1081,0.0
Bangalore,25.4,47.1,8.1,34.2,33.2,22422,54.3,15.0,Residential,0.2,0.07,371,547.6,268.8,920,0.0
Chicago,22.4,64.5,12.6,49.9,50.5,12888,90.7,25.5,Commercial,0.35,0.09,130,233.3,195.6,476,0.0
Dubai,35.2,20.8,9.7,38.6,72.4,29832,82.6,21.3,Mixed Use,0.44,0.25,168,830.4,221.3,1399,7.8
Sydney,26.8,67.7,8.6,47.5,76.0,14469,10.3,15.0,Mixed Use,0.56,0.1,204,478.5,0.8,715,0.0
Indore,33.7,88.5,17.0,36.7,99.6,23995,38.8,8.1,Industrial,0.35,0.33,124,788.5,188.5,242,6.1
Pune,29.3,65.9,36.3,26.0,35.9,8934,48.0,26.6,Park/Green Space,0.58,0.67,166,959.0,176.5,366,0.0
Dubai,36.2,85.5,20.3,57.6,58.4,19684,30.7,17.5,Park/Green Space,0.57,0.29,240,864.5,161.2,935,6.8
Chennai,32.1,74.3,7.5,33.4,58.0,21491,28.0,7.0,Commercial,0.53,0.6,333,956.3,235.8,837,2.9
Indore,29.6,29.0,3.1,37.1,46.5,27972,13.4,8.4,Park/Green Space,0.35,0.12,370,611.1,166.8,1275,0.6
Phoenix,31.0,87.7,27.8,14.8,25.2,27678,67.9,24.2,Mixed Use,0.17,0.54,393,248.8,257.1,905,0.9
Mumbai,38.0,25.0,15.3,38.3,98.0,7762,33.6,1.8,Residential,0.21,0.29,25,941.9,69.8,1345,10.3
Ahmedabad,40.4,60.0,32.9,35.2,86.8,27349,14.7,29.8,Commercial,0.42,0.61,279,881.7,241.8,375,10.3
Chandigarh,25.8,30.7,26.4,12.7,54.8,2041,30.8,4.3,Park/Green Space,0.31,0.15,318,878.0,53.8,1432,0.0
New York,28.2,20.9,31.8,5.5,64.3,3265,82.2,24.0,Mixed Use,0.17,0.72,368,723.9,243.9,710,3.6
Chandigarh,25.6,51.7,10.9,37.1,30.5,10806,86.6,12.1,Industrial,0.34,0.23,61,662.4,282.1,342,0.0
Bhopal,29.3,42.1,27.7,46.3,58.9,4991,53.5,15.0,Park/Green Space,0.11,0.31,278,113.3,100.7,239,0.9
Houston,35.1,56.5,10.6,32.4,72.5,29783,47.4,26.5,Residential,0.47,0.76,290,773.2,159.0,138,3.3
Beijing,33.8,63.3,37.6,15.2,56.4,3583,98.0,12.7,Residential,0.14,0.48,66,182.4,197.5,1145,5.3
Surat,40.3,23.3,25.5,40.7,99.1,22240,28.1,16.4,Park/Green Space,0.41,0.32,104,333.8,23.8,419,13.3
Delhi,43.7,29.2,13.0,6.6,65.0,2357,29.4,2.0,Park/Green Space,0.5,0.76,193,596.3,148.2,303,15.0
Delhi,32.9,61.9,10.8,27.6,43.4,1269,36.3,0.6,Mixed Use,0.17,0.3,77,506.6,108.2,114,5.0
Beijing,26.9,45.7,7.6,11.5,79.5,18306,25.5,7.7,Park/Green Space,0.36,0.12,218,114.2,261.7,342,0.2
Tokyo,23.7,74.7,27.8,12.7,25.3,25482,44.1,20.6,Industrial,0.49,0.8,228,841.6,263.0,1274,0.0
Houston,37.4,68.9,8.7,13.7,44.6,3472,92.0,4.1,Mixed Use,0.23,0.25,267,890.9,210.2,6,12.0
Dubai,34.5,83.4,23.8,24.4,41.2,18756,65.4,3.9,Commercial,0.18,0.69,230,713.7,196.7,730,5.7
Tokyo,35.8,71.9,10.6,5.0,48.9,6099,47.1,12.6,Industrial,0.27,0.17,58,587.0,220.1,178,5.6
Tokyo,34.1,52.2,26.5,25.1,80.4,27770,94.1,19.6,Mixed Use,0.38,0.6,271,964.7,109.8,1168,5.5
Los Angeles,21.5,70.5,32.6,31.7,53.6,19153,14.4,21.5,Mixed Use,0.39,0.44,150,208.0,121.4,415,0.0
Phoenix,37.4,40.7,31.1,30.0,81.5,5775,28.9,5.8,Residential,0.17,0.79,310,764.1,166.1,665,10.1
Lucknow,33.1,43.0,30.4,24.2,61.9,21633,60.9,2.8,Mixed Use,0.33,0.46,269,215.5,281.4,1144,3.3
Kolkata,31.0,79.2,7.5,50.7,40.8,7071,65.4,28.2,Industrial,0.23,0.07,71,443.7,217.2,1147,2.9
Surat,38.8,53.5,3.5,10.4,82.9,26257,13.6,8.2,Park/Green Space,0.52,0.5,393,626.9,165.3,149,12.1
Tokyo,25.9,79.9,28.0,31.3,31.4,5572,46.3,25.7,Industrial,0.26,0.16,33,763.4,231.1,396,0.0
Nagpur,37.6,81.7,14.7,5.6,30.2,10131,68.4,26.0,Commercial,0.52,0.65,175,103.3,111.3,380,8.2
Hyderabad,40.5,84.3,17.3,6.1,55.4,11745,72.8,23.3,Mixed Use,0.31,0.69,49,334.5,219.1,838,14.3
Mumbai,31.8,88.7,1.2,35.3,33.5,15206,67.4,5.5,Mixed Use,0.46,0.41,109,584.4,123.2,0,1.0
Ahmedabad,32.7,52.3,10.4,34.8,10.8,5963,38.9,24.7,Mixed Use,0.36,0.64,186,579.6,83.9,243,4.2
London,15.4,43.9,1.3,52.9,68.3,28409,18.4,23.2,Mixed Use,0.41,0.16,370,673.9,182.9,1421,0.0
Bhopal,33.4,63.7,35.2,34.4,56.0,7950,48.4,18.1,Residential,0.3,0.42,88,373.5,206.1,1274,5.4
Bhopal,30.2,47.8,9.7,57.7,50.1,27973,21.6,10.4,Residential,0.48,0.35,182,586.5,137.8,878,2.5
Hyderabad,45.4,65.1,22.3,4.8,97.0,11595,95.3,8.2,Park/Green Space,0.31,0.51,261,270.8,169.7,1322,15.0
Pune,39.5,72.9,1.6,7.7,61.4,25304,52.8,4.1,Mixed Use,0.33,0.08,71,268.2,208.2,759,11.4
Chennai,36.7,71.6,26.7,4.6,87.7,20843,38.6,15.5,Commercial,0.36,0.61,161,618.9,230.3,953,8.1
Kolkata,36.2,48.1,12.9,12.7,22.6,26969,79.0,17.8,Park/Green Space,0.52,0.11,82,716.9,268.7,1320,7.6
Indore,36.6,32.5,35.9,33.4,61.2,1813,54.8,11.1,Mixed Use,0.43,0.54,311,208.4,106.4,976,7.7
Phoenix,41.6,52.3,35.5,39.4,88.1,8347,37.9,14.5,Residential,0.27,0.06,110,210.5,285.4,1138,14.8
Surat,37.2,30.7,13.0,4.6,62.5,17954,83.1,11.2,Commercial,0.44,0.67,171,608.8,191.2,0,8.2
Bangalore,26.8,86.8,36.0,56.9,74.6,9666,88.0,19.4,Park/Green Space,0.42,0.18,176,343.1,236.3,552,0.1
Beijing,23.2,45.9,39.8,50.8,43.5,10430,70.6,27.1,Commercial,0.57,0.44,328,453.2,209.9,481,0.0
Ahmedabad,28.6,31.6,33.0,19.2,18.3,3785,14.2,5.3,Mixed Use,0.52,0.25,384,460.7,61.7,599,0.0
Phoenix,36.7,21.9,33.8,6.5,51.2,25833,61.0,11.8,Industrial,0.42,0.59,169,260.7,21.4,762,9.6
New York,27.2,68.4,10.0,11.9,45.5,3595,78.7,4.7,Commercial,0.27,0.29,347,101.2,217.9,334,0.0
Indore,34.3,67.8,23.1,9.4,88.0,17204,22.3,18.9,Commercial,0.49,0.59,290,867.8,153.3,464,7.3
Chicago,23.6,45.5,2.7,9.2,32.0,19205,30.6,22.0,Residential,0.39,0.26,388,743.5,210.7,1164,0.0
Lucknow,35.3,25.4,3.8,32.1,97.0,1055,89.4,28.0,Mixed Use,0.59,0.61,88,721.5,143.1,582,6.4
Houston,35.5,50.7,40.0,16.3,96.2,21823,11.8,8.7,Commercial,0.22,0.07,135,591.9,93.7,136,8.3
Los Angeles,23.7,43.3,13.1,22.8,32.3,5932,77.7,28.5,Mixed Use,0.14,0.26,211,730.9,85.5,1003,0.0
Sydney,22.1,70.8,29.9,59.4,41.3,1886,52.6,2.4,Residential,0.13,0.42,23,942.1,219.2,949,0.0
Houston,30.2,65.4,32.3,41.7,90.6,21647,50.2,18.3,Mixed Use,0.42,0.08,94,699.1,83.0,686,3.6
Beijing,23.4,47.3,34.3,57.0,97.0,11739,10.6,2.2,Residential,0.57,0.19,317,338.6,214.4,166,0.0
Hyderabad,35.3,36.3,39.9,10.3,49.9,11119,83.7,26.9,Residential,0.1,0.75,260,613.5,115.2,1366,5.6
London,15.4,94.1,9.7,24.2,38.9,7354,42.4,16.1,Park/Green Space,0.46,0.78,49,498.1,231.3,1433,0.0
Beijing,37.9,54.1,1.6,34.2,57.3,10696,58.7,20.2,Mixed Use,0.43,0.6,162,600.8,42.8,909,7.8
Jaipur,40.1,71.6,16.4,6.5,71.9,16533,71.0,25.0,Industrial,0.47,0.24,345,565.8,61.5,879,13.5
Bhopal,41.1,30.5,5.2,2.2,34.6,27006,73.2,4.9,Park/Green Space,0.28,0.25,202,872.9,205.8,841,13.7
London,18.4,56.4,0.9,40.9,76.3,8137,96.0,1.6,Residential,0.51,0.53,35,686.6,168.1,64,0.0
Mumbai,29.4,22.1,14.4,39.2,14.6,21725,57.8,26.4,Industrial,0.12,0.14,130,269.9,61.2,1090,1.2
Mumbai,29.9,57.9,31.3,25.8,14.4,13462,46.0,9.8,Commercial,0.48,0.76,379,156.7,270.8,432,1.8
Surat,35.4,92.3,22.6,30.4,44.8,27239,95.8,4.3,Commercial,0.23,0.22,220,481.9,82.8,1073,9.4
Delhi,33.0,48.8,12.5,26.1,41.8,15440,67.8,14.3,Park/Green Space,0.34,0.8,126,114.0,126.3,1337,3.9
Tokyo,25.6,22.9,26.2,3.4,38.4,20751,36.8,18.2,Industrial,0.51,0.42,398,386.5,60.7,1332,0.0
New York,23.5,22.3,9.3,21.5,54.2,11118,21.4,1.4,Mixed Use,0.24,0.63,181,431.2,116.4,114,0.0
Dubai,53.5,49.1,0.6,12.3,38.9,4293,85.8,8.6,Industrial,0.19,0.05,302,438.0,147.5,568,15.0
Ahmedabad,35.8,32.0,30.6,7.7,27.3,7873,42.6,1.5,Park/Green Space,0.44,0.72,288,981.4,88.6,1365,6.2
Indore,29.3,21.8,24.9,57.5,37.9,3013,69.4,12.9,Mixed Use,0.37,0.25,174,373.5,230.7,641,1.8
London,28.1,76.7,30.5,36.8,97.7,20687,52.4,26.9,Mixed Use,0.36,0.55,92,338.7,118.2,494,0.0
Mumbai,26.4,54.4,1.6,44.3,47.0,2827,27.9,29.5,Commercial,0.23,0.65,216,216.4,218.9,1292,0.0
New York,25.3,41.7,33.5,20.3,50.0,9309,64.2,19.3,Industrial,0.12,0.17,262,559.9,62.1,940,0.0
Pune,29.8,87.5,24.8,24.8,61.9,19049,15.5,5.3,Mixed Use,0.31,0.38,105,238.3,113.1,1103,4.3
Hyderabad,39.4,28.7,22.5,15.7,98.5,20192,47.2,27.2,Park/Green Space,0.15,0.42,306,654.7,2.4,1479,11.8
Tokyo,25.9,91.7,25.0,7.6,31.7,6952,59.2,15.7,Commercial,0.55,0.28,278,239.6,227.6,1322,0.0
Beijing,26.7,43.5,34.6,12.4,71.3,24951,49.2,5.0,Mixed Use,0.12,0.41,305,619.0,187.8,967,0.0
Bangalore,29.6,86.6,23.5,48.3,74.4,8142,77.4,27.7,Industrial,0.32,0.29,168,843.6,245.3,821,3.1
Bhopal,28.9,65.2,23.2,41.3,64.7,14935,84.5,22.8,Commercial,0.13,0.32,374,138.3,136.7,201,0.2
New York,24.1,82.0,39.6,33.7,18.0,23288,79.4,22.1,Industrial,0.15,0.55,209,477.8,239.9,648,0.0
Houston,32.0,93.8,30.3,29.6,70.9,1492,13.5,21.4,Industrial,0.43,0.52,236,514.9,194.3,559,5.7
Hyderabad,22.8,41.6,17.7,55.5,15.8,5924,27.5,6.4,Industrial,0.42,0.22,374,812.0,1.1,1041,0.0
Tokyo,27.9,92.1,28.3,6.2,63.7,26453,58.3,6.7,Commercial,0.12,0.72,105,521.1,76.1,477,0.0
Dubai,47.1,49.2,15.6,18.3,76.6,4881,94.1,20.8,Mixed Use,0.1,0.7,235,610.8,148.2,487,15.0
Chandigarh,29.5,48.9,9.2,22.3,29.0,20058,85.1,7.0,Residential,0.14,0.43,339,812.1,185.6,982,1.9
Hyderabad,42.6,45.5,23.9,47.4,85.7,5282,85.8,13.4,Mixed Use,0.48,0.37,137,603.8,19.7,778,12.5
Surat,25.2,60.6,37.1,59.6,12.7,26381,37.3,23.6,Commercial,0.39,0.33,389,422.5,211.5,1469,0.0
Los Angeles,30.8,31.6,37.2,16.0,85.9,22444,48.7,23.6,Residential,0.12,0.58,106,177.3,163.1,339,2.8
Chandigarh,31.1,61.5,13.7,52.7,51.4,7960,52.4,13.9,Residential,0.34,0.55,59,756.9,157.7,611,3.5
Phoenix,30.3,60.6,21.1,50.2,29.6,29909,24.2,23.9,Residential,0.46,0.2,180,884.0,87.6,115,1.4
Hyderabad,35.9,77.1,8.5,15.0,22.0,19962,12.8,25.2,Park/Green Space,0.53,0.55,210,973.1,178.4,73,5.9
Bhopal,38.5,82.5,39.8,25.2,95.8,27762,95.2,19.8,Commercial,0.57,0.24,44,933.9,8.2,1292,9.6
New York,22.6,53.0,39.2,25.8,16.5,3483,31.7,7.2,Park/Green Space,0.26,0.06,171,817.7,19.4,115,0.0
New York,15.3,42.7,26.0,58.7,27.9,24143,31.6,8.6,Residential,0.17,0.57,114,679.1,220.2,1187,0.0
London,22.5,39.5,32.2,12.5,41.3,22938,17.5,9.8,Park/Green Space,0.22,0.53,65,803.3,96.6,1245,0.0
Pune,32.9,34.6,28.6,48.4,65.8,14682,93.6,3.9,Park/Green Space,0.49,0.36,157,488.9,104.1,125,5.4
Chennai,45.2,24.3,23.7,21.4,59.0,3023,62.2,8.6,Commercial,0.59,0.44,307,635.3,62.5,656,15.0
Mumbai,27.9,45.7,2.1,44.4,21.3,28658,70.0,6.7,Industrial,0.33,0.76,372,413.8,133.7,1199,0.6
Hyderabad,35.2,40.3,18.2,26.4,36.1,10177,92.0,13.9,Park/Green Space,0.25,0.5,183,394.0,15.6,663,9.4
Beijing,18.2,92.5,27.0,35.5,31.5,10792,41.1,27.3,Park/Green Space,0.31,0.54,35,781.0,90.1,1398,0.0
Lucknow,27.0,61.8,27.1,50.3,29.2,15589,65.9,3.6,Residential,0.25,0.1,37,508.5,158.1,990,0.2
Tokyo,23.0,46.0,14.9,48.6,47.0,5081,13.5,21.7,Residential,0.23,0.17,155,290.9,139.7,1017,0.0
Hyderabad,33.9,63.5,37.7,52.3,73.4,12407,26.8,20.8,Residential,0.4,0.28,266,281.7,299.9,858,3.6
Chennai,50.3,30.4,6.7,5.5,29.6,6109,84.8,3.3,Mixed Use,0.11,0.45,267,873.3,116.6,84,15.0
Delhi,32.5,53.3,20.0,42.1,43.0,18885,79.0,27.7,Park/Green Space,0.23,0.63,350,710.0,116.1,1406,5.2
Phoenix,36.8,67.0,27.6,10.1,45.2,18271,41.6,17.3,Residential,0.43,0.29,217,591.4,151.1,632,8.8
Lucknow,41.4,56.7,27.9,26.1,97.9,11875,43.9,11.2,Commercial,0.12,0.32,20,460.8,57.1,1486,14.1
Houston,29.4,50.1,25.9,33.8,95.9,23436,58.0,22.8,Mixed Use,0.14,0.24,209,487.7,262.9,450,3.9
Mumbai,36.9,94.5,11.0,25.4,82.0,17914,10.0,8.1,Industrial,0.25,0.24,313,151.7,171.7,517,10.0
Sydney,20.0,86.0,6.2,32.1,31.7,10457,31.7,21.0,Park/Green Space,0.54,0.76,64,509.4,57.6,845,0.0
Hyderabad,24.4,66.8,25.4,59.8,16.1,13455,28.7,1.7,Park/Green Space,0.48,0.53,356,815.9,238.0,694,0.0
Indore,37.1,62.7,24.0,9.8,38.5,1720,32.5,25.3,Commercial,0.11,0.17,51,449.2,10.3,549,7.9
Chennai,33.0,66.5,7.2,41.2,34.0,13663,82.5,13.7,Industrial,0.35,0.59,137,445.2,294.8,928,4.9
New York,27.6,35.1,28.2,25.0,55.5,28882,35.2,19.3,Industrial,0.24,0.59,315,114.1,259.5,115,0.0
Sydney,32.5,49.6,18.2,9.7,80.0,27490,27.2,7.0,Mixed Use,0.42,0.55,203,512.1,173.9,1031,6.8
New York,22.8,23.0,26.7,11.2,87.2,13789,55.4,20.5,Park/Green Space,0.46,0.15,210,122.8,33.4,1241,0.0
Beijing,22.7,55.7,33.5,57.1,86.0,13037,87.9,23.3,Residential,0.53,0.36,254,613.3,64.6,403,0.0
Delhi,23.7,60.7,6.8,53.0,42.4,22919,31.7,14.5,Commercial,0.34,0.13,257,556.1,83.8,303,0.0
Los Angeles,31.4,37.1,0.8,54.6,71.9,10310,17.1,18.7,Commercial,0.6,0.66,235,856.0,72.3,1490,0.4
Phoenix,31.7,92.3,31.2,59.5,38.2,9955,42.1,14.0,Commercial,0.59,0.54,93,623.6,149.3,739,4.6
Sydney,31.0,88.2,24.4,14.1,15.5,23407,77.3,26.9,Commercial,0.54,0.43,130,391.1,283.4,87,1.0
Bhopal,28.8,74.2,28.0,22.6,73.1,24958,59.6,15.2,Residential,0.39,0.31,122,564.6,133.3,1033,0.8
Chicago,14.8,60.0,33.5,40.8,10.9,9563,83.5,25.3,Residential,0.3,0.19,378,729.7,198.5,307,0.0
Bangalore,32.2,85.2,32.1,30.1,46.8,1334,96.4,24.1,Mixed Use,0.28,0.13,93,184.6,206.6,433,5.2
Mumbai,32.3,29.8,38.4,26.3,39.6,27898,81.3,12.6,Park/Green Space,0.11,0.78,271,659.0,261.5,801,4.6
Mumbai,38.0,79.3,21.4,22.8,72.4,25994,64.3,7.3,Residential,0.22,0.2,133,925.0,10.1,163,12.0
Houston,27.2,29.4,19.5,36.4,79.0,2224,54.4,12.5,Mixed Use,0.46,0.09,398,369.2,121.3,1262,0.0
Nagpur,37.9,79.6,16.1,35.4,37.4,23482,13.6,24.9,Industrial,0.4,0.77,332,664.0,235.4,1340,11.0
Hyderabad,45.7,40.7,6.1,11.4,83.0,2913,98.6,7.2,Park/Green Space,0.56,0.46,349,839.2,244.5,995,15.0
Bhopal,31.8,85.8,22.9,29.4,36.5,10005,44.5,16.0,Residential,0.13,0.65,358,560.6,278.2,655,1.3
Bangalore,24.1,90.8,11.1,34.1,50.2,22877,23.7,24.3,Industrial,0.18,0.08,257,746.2,210.8,1358,0.0
Mumbai,34.7,31.2,36.9,35.1,75.4,4998,70.0,10.9,Mixed Use,0.49,0.48,192,379.9,73.5,17,6.5
Mumbai,34.4,54.7,23.3,14.2,72.4,2605,35.6,19.4,Residential,0.28,0.35,98,375.5,151.7,1094,8.1
Ahmedabad,32.4,93.6,23.7,45.1,98.9,3068,62.7,7.7,Residential,0.16,0.63,112,700.8,9.7,1198,5.1
Lucknow,36.9,56.3,14.2,3.5,30.3,9830,62.8,3.7,Industrial,0.6,0.08,69,734.9,194.1,810,7.1
Nagpur,39.9,84.8,2.1,22.6,69.6,17093,50.1,23.9,Residential,0.49,0.35,304,943.3,166.3,338,11.7
Bhopal,38.4,64.2,1.3,47.3,64.9,26140,85.3,3.4,Commercial,0.3,0.65,242,302.4,200.1,247,13.4
Indore,26.1,48.1,16.9,34.7,92.4,5411,33.8,8.5,Residential,0.51,0.44,100,521.4,279.0,1216,0.0
Bhopal,33.6,41.4,3.4,17.1,24.1,19104,50.4,25.7,Park/Green Space,0.44,0.46,285,325.5,206.2,1442,5.1
Chandigarh,27.4,35.2,24.3,42.3,77.7,17117,58.4,10.7,Industrial,0.49,0.12,174,172.1,96.1,1348,0.1
Delhi,35.4,77.1,35.2,34.9,61.1,1292,69.7,29.2,Park/Green Space,0.51,0.15,392,462.9,59.6,305,8.5
Houston,27.5,49.0,35.3,48.2,34.7,14695,80.6,29.4,Mixed Use,0.14,0.56,252,436.7,256.4,203,0.0
Chicago,19.0,58.3,26.4,44.6,52.7,14401,45.5,8.4,Park/Green Space,0.41,0.56,335,343.4,58.3,852,0.0
Bangalore,30.9,56.9,8.4,37.4,40.0,16262,68.1,1.7,Commercial,0.1,0.78,255,367.3,48.5,1146,2.4
Beijing,19.7,63.3,34.5,30.3,62.1,19994,23.6,21.3,Commercial,0.12,0.58,178,424.4,62.0,446,0.0
Los Angeles,37.4,84.9,35.4,9.7,90.0,19050,93.9,13.8,Park/Green Space,0.55,0.42,335,990.0,152.7,712,9.7
Ahmedabad,36.9,93.6,7.9,17.2,61.2,9026,44.5,3.5,Mixed Use,0.36,0.69,270,804.7,37.3,432,9.6
Lucknow,30.6,50.6,29.5,26.3,66.9,26435,75.7,21.4,Residential,0.47,0.13,333,164.3,281.4,1151,1.5
Delhi,31.3,82.1,11.5,36.8,56.7,16398,11.8,1.4,Commercial,0.52,0.39,320,885.2,289.9,821,2.1
Houston,15.7,77.3,32.1,31.8,14.6,22077,28.5,26.2,Park/Green Space,0.57,0.27,399,670.0,292.1,1070,0.0
Jaipur,34.4,63.0,39.9,18.7,31.0,1714,53.8,4.6,Park/Green Space,0.53,0.13,301,901.5,11.7,504,6.3
Pune,38.0,91.7,1.2,2.4,54.3,21303,89.0,4.3,Park/Green Space,0.34,0.62,121,407.5,283.9,114,10.4
Chennai,36.7,35.0,35.9,30.8,37.9,15846,57.5,5.7,Residential,0.27,0.43,70,518.1,299.2,1439,8.2
London,21.7,28.2,24.9,18.6,26.4,24198,93.7,28.8,Industrial,0.18,0.47,71,906.6,282.7,994,0.0
Chicago,13.4,84.0,38.9,44.6,55.4,25359,53.5,20.9,Mixed Use,0.3,0.36,228,345.3,201.3,222,0.0
Indore,31.8,52.9,18.6,3.4,39.1,712,54.1,24.1,Industrial,0.28,0.4,326,924.0,210.4,635,3.6
Nagpur,33.0,83.5,33.9,35.9,33.2,2158,20.8,12.2,Mixed Use,0.38,0.14,150,845.6,36.7,671,6.2
Sydney,26.6,87.0,2.5,56.6,51.8,12770,82.2,10.4,Mixed Use,0.43,0.55,289,982.5,262.3,957,0.4
Chennai,38.4,24.7,13.4,12.1,22.0,14529,32.2,7.4,Park/Green Space,0.59,0.37,224,391.8,17.9,932,9.6
Dubai,51.8,86.3,2.7,29.4,93.5,5524,91.0,14.7,Commercial,0.46,0.66,238,312.2,95.3,95,15.0
London,25.4,53.6,39.0,7.3,88.1,13539,92.0,16.8,Park/Green Space,0.42,0.2,276,397.8,297.3,106,0.0
Dubai,42.9,58.3,32.7,38.3,73.7,26493,94.9,19.1,Residential,0.27,0.2,204,959.2,126.7,631,13.3
Chennai,34.8,67.0,34.1,33.9,19.6,27462,56.8,8.1,Mixed Use,0.12,0.53,164,399.8,39.3,697,7.4
Lucknow,36.1,89.5,37.5,25.6,79.8,22801,70.9,28.5,Commercial,0.24,0.68,197,608.7,290.8,31,7.5
Hyderabad,40.3,21.4,3.4,32.2,82.7,5641,80.1,5.5,Mixed Use,0.48,0.4,33,463.3,295.2,65,13.0
Jaipur,32.0,55.8,15.4,54.0,79.1,18678,21.8,29.0,Mixed Use,0.2,0.6,265,456.6,56.1,1202,3.9
Sydney,23.4,71.6,2.8,13.4,20.3,6488,64.1,0.9,Park/Green Space,0.46,0.8,206,274.0,259.4,778,0.0
Bangalore,33.1,74.2,8.4,3.3,68.0,25180,13.1,14.7,Commercial,0.39,0.79,356,583.4,117.1,1466,3.7
Los Angeles,23.5,71.9,9.2,52.0,85.1,14277,54.8,10.3,Commercial,0.19,0.61,278,864.5,114.4,915,0.0
Bangalore,26.7,30.1,18.8,35.5,62.0,6078,23.9,13.7,Mixed Use,0.23,0.6,373,144.5,78.8,548,0.0
New York,17.7,42.5,10.7,53.7,68.2,22435,26.5,17.3,Commercial,0.35,0.24,59,900.3,13.4,200,0.0
Chennai,33.3,46.9,4.0,36.6,51.3,29941,42.9,13.3,Commercial,0.31,0.68,108,698.9,80.4,48,5.9
Chicago,22.7,80.3,6.7,49.0,57.6,15551,48.9,12.7,Park/Green Space,0.49,0.35,144,655.1,16.1,786,0.0
Los Angeles,21.3,40.9,5.9,26.9,13.1,28969,66.1,22.1,Industrial,0.47,0.77,370,663.3,277.3,950,0.0
Pune,27.2,35.8,38.9,45.5,67.5,4345,16.7,20.7,Residential,0.39,0.11,28,366.6,198.5,262,0.3
Sydney,17.0,91.8,30.4,55.0,17.3,12382,55.3,25.1,Industrial,0.51,0.38,369,473.6,266.0,1156,0.0
Beijing,24.3,20.7,38.7,35.2,49.2,23790,26.4,7.9,Commercial,0.38,0.47,103,819.4,215.2,343,0.0
Hyderabad,34.5,94.8,17.6,12.5,36.3,14747,61.7,18.5,Mixed Use,0.58,0.35,40,375.7,39.4,1199,6.0
Bhopal,40.7,70.8,11.1,17.6,59.1,11984,67.4,17.8,Residential,0.21,0.21,300,523.0,282.2,1414,11.1
Los Angeles,15.8,82.1,31.9,13.5,22.0,878,60.1,11.4,Residential,0.46,0.49,377,117.7,270.0,10,0.0
Beijing,43.9,42.1,13.1,16.3,72.2,3793,76.4,14.8,Mixed Use,0.28,0.62,397,760.2,104.4,200,15.0
Indore,33.3,21.1,12.0,19.8,81.6,20213,40.2,9.8,Residential,0.24,0.53,191,475.9,33.5,944,7.1
Beijing,26.7,75.3,9.3,34.2,24.7,21692,78.9,4.7,Mixed Use,0.19,0.23,44,572.8,211.2,925,0.0
Dubai,32.4,82.6,5.2,36.1,19.4,12130,48.9,6.8,Residential,0.38,0.6,122,203.2,218.5,2,5.5
Bangalore,29.4,75.5,10.3,26.7,23.1,24821,53.6,3.6,Industrial,0.21,0.24,209,992.5,269.0,1237,0.0
Jaipur,40.2,30.7,14.2,37.7,88.9,14160,68.3,20.7,Residential,0.2,0.18,255,372.2,15.8,807,12.4
Los Angeles,24.2,76.5,27.0,6.7,57.5,17108,11.7,20.0,Park/Green Space,0.6,0.57,332,671.5,42.5,1330,0.0
Los Angeles,35.3,77.7,2.5,7.1,52.1,1237,68.9,28.5,Mixed Use,0.5,0.68,56,623.1,179.5,559,6.3
Phoenix,39.7,69.4,8.4,12.0,19.6,17119,65.7,22.0,Residential,0.47,0.41,291,806.6,185.7,1350,12.0
New York,26.2,77.5,32.4,32.0,68.5,12970,37.9,2.0,Mixed Use,0.5,0.45,312,364.5,10.1,198,0.0
Dubai,41.0,83.4,5.9,14.4,88.1,17595,17.7,26.6,Park/Green Space,0.58,0.28,351,780.3,119.1,108,14.1
Tokyo,29.0,66.0,13.7,18.4,84.5,22872,18.2,25.9,Residential,0.39,0.42,171,444.3,175.2,1314,1.4
Indore,43.3,26.6,34.6,25.2,66.3,16617,93.1,13.6,Residential,0.21,0.15,301,470.0,221.4,107,15.0
Houston,29.9,56.6,6.2,49.1,16.8,15279,72.0,17.8,Park/Green Space,0.53,0.77,39,705.4,94.8,1431,4.2
Los Angeles,27.2,25.8,3.3,2.8,20.1,18772,21.4,29.3,Park/Green Space,0.47,0.65,156,805.9,145.2,551,0.2
Chennai,26.8,50.6,19.4,39.7,14.4,29794,42.1,16.2,Park/Green Space,0.31,0.55,378,700.2,244.2,972,0.0
Bhopal,30.3,50.5,12.1,40.8,33.2,24057,63.3,27.2,Mixed Use,0.34,0.45,48,909.9,286.2,51,2.2
Jaipur,31.8,25.0,22.5,48.3,22.2,18143,85.2,2.9,Park/Green Space,0.31,0.64,50,356.6,69.1,111,3.7
Houston,23.4,46.2,32.2,56.1,33.4,22130,13.9,6.1,Mixed Use,0.56,0.42,38,910.6,75.9,294,0.0
Bhopal,31.4,28.3,5.5,3.2,44.7,7771,31.3,13.5,Industrial,0.27,0.27,167,217.8,281.9,1212,7.2
Jaipur,46.8,80.6,23.2,10.9,94.9,17632,90.1,17.8,Residential,0.58,0.17,302,693.6,118.8,64,15.0
Pune,22.6,91.1,20.2,53.4,64.9,12678,10.8,24.6,Residential,0.56,0.54,369,592.9,215.5,573,0.0
Chandigarh,41.3,25.4,5.8,28.6,85.1,20435,28.1,29.7,Commercial,0.42,0.75,360,545.2,183.7,464,12.5
Phoenix,39.5,91.6,25.0,34.7,73.9,14990,96.3,12.0,Industrial,0.39,0.17,319,379.8,85.7,257,8.6
Houston,28.1,59.2,10.9,40.5,20.1,23284,65.2,1.9,Park/Green Space,0.29,0.19,182,553.4,196.1,1003,0.0
Surat,38.1,42.5,19.5,41.4,76.2,23527,33.6,24.1,Park/Green Space,0.11,0.38,132,245.6,196.7,633,7.1
New York,17.2,25.8,3.3,56.0,34.8,25585,16.0,18.3,Industrial,0.16,0.66,169,432.4,177.7,1354,0.0
London,14.9,57.5,18.4,59.8,67.5,14363,12.5,6.4,Park/Green Space,0.48,0.27,349,188.8,29.9,209,0.0
Hyderabad,35.4,79.6,12.3,43.8,40.7,2323,32.0,15.1,Commercial,0.34,0.24,274,614.7,298.6,88,8.0
Bangalore,37.9,73.0,32.9,18.7,99.8,7352,89.3,22.4,Mixed Use,0.17,0.51,106,186.2,120.1,27,9.9
Bhopal,29.6,23.8,2.3,53.0,33.7,13572,47.4,23.2,Residential,0.23,0.45,369,244.3,191.5,237,2.1
Dubai,36.1,25.5,16.7,4.9,35.1,11633,74.8,15.2,Industrial,0.57,0.1,117,176.9,265.7,335,7.9
Phoenix,44.1,50.2,18.3,15.4,93.8,15611,92.6,9.5,Residential,0.28,0.11,151,443.2,127.0,62,14.0
London,13.9,42.1,29.0,54.0,12.2,24661,46.7,29.2,Mixed Use,0.55,0.53,331,857.8,232.2,499,0.0
Chennai,39.2,37.4,23.0,16.9,72.7,21116,27.2,20.1,Industrial,0.25,0.4,116,916.2,291.5,790,14.1
London,25.5,41.1,26.7,14.8,75.3,7019,56.5,12.5,Mixed Use,0.37,0.78,117,164.7,107.7,1492,0.0
Beijing,36.2,80.3,31.1,10.0,85.3,27210,91.7,8.8,Park/Green Space,0.11,0.56,309,671.1,121.6,591,7.6
New York,31.2,89.7,34.5,51.8,97.7,2277,82.4,22.1,Park/Green Space,0.36,0.06,375,715.9,271.7,1074,1.1
Dubai,41.5,50.4,12.6,31.0,97.8,18106,15.9,7.6,Park/Green Space,0.42,0.41,246,580.4,47.9,1135,12.1
Pune,27.4,88.0,21.5,41.1,15.9,24514,72.3,5.6,Mixed Use,0.22,0.36,164,700.3,8.6,300,0.1
Indore,32.9,44.1,33.6,15.9,84.0,15272,61.5,16.1,Mixed Use,0.39,0.13,175,310.3,272.7,1113,6.5
London,12.8,55.7,39.6,46.0,68.2,14121,91.7,9.1,Mixed Use,0.42,0.74,289,540.7,246.5,228,0.0
Lucknow,24.1,37.0,35.6,46.1,68.3,12359,21.0,19.1,Residential,0.44,0.65,181,451.8,291.8,149,0.0
Pune,27.0,68.0,14.9,20.1,21.6,18661,58.1,4.0,Mixed Use,0.49,0.22,131,180.7,17.5,1161,0.1
Chandigarh,42.6,93.4,7.8,25.8,68.5,9996,89.2,19.8,Park/Green Space,0.26,0.24,350,663.0,46.9,1158,15.0
Hyderabad,33.9,65.3,19.6,14.2,98.4,7990,46.9,8.9,Commercial,0.38,0.07,204,545.7,31.6,1480,4.9
Bangalore,26.1,46.8,29.7,58.6,92.1,21743,53.4,0.5,Mixed Use,0.59,0.27,224,347.7,205.0,526,0.0
Beijing,17.7,68.6,19.7,39.4,49.5,9393,16.3,4.2,Commercial,0.55,0.49,116,526.3,181.8,332,0.0
Nagpur,25.3,29.2,19.3,56.2,13.6,25002,35.0,28.0,Park/Green Space,0.58,0.37,396,797.8,107.8,1385,0.0
Nagpur,35.9,86.6,33.5,19.6,42.6,3489,39.2,26.1,Mixed Use,0.29,0.78,74,821.5,17.2,173,8.4
Chicago,22.7,57.7,14.5,47.3,84.4,8843,95.1,7.4,Residential,0.49,0.09,136,684.6,191.9,1236,0.0
Surat,36.4,53.7,34.4,46.4,73.1,18209,35.4,23.5,Residential,0.41,0.49,112,521.0,171.0,1366,6.4
Bhopal,36.8,63.9,16.3,42.1,51.3,26377,51.5,18.5,Commercial,0.14,0.69,312,618.2,33.9,60,9.5
Jaipur,19.9,66.9,13.1,58.0,15.0,12414,70.4,29.1,Residential,0.51,0.41,223,446.5,272.7,1084,0.0
Lucknow,30.8,25.4,18.2,24.8,48.4,26787,24.6,11.5,Residential,0.44,0.05,301,213.9,59.7,818,3.9
Bhopal,34.8,71.2,30.5,9.6,52.2,22011,53.8,20.6,Residential,0.2,0.23,208,447.1,223.1,523,8.0
Los Angeles,34.7,38.1,5.0,41.0,93.6,9498,76.5,2.4,Park/Green Space,0.14,0.29,342,577.3,265.5,215,7.6
Kolkata,33.7,73.5,7.9,44.3,67.7,29406,88.0,12.2,Residential,0.52,0.77,103,639.0,173.8,623,7.6
Pune,28.3,81.7,38.1,35.4,38.0,3222,66.4,28.9,Industrial,0.14,0.73,199,942.2,74.1,577,0.0
Chandigarh,31.6,80.3,7.0,14.0,57.3,5156,70.2,16.4,Mixed Use,0.15,0.76,293,799.6,92.8,693,1.5
Indore,20.6,61.4,22.7,31.3,15.9,18209,21.4,9.0,Residential,0.31,0.67,200,236.8,265.7,422,0.0
Ahmedabad,50.0,59.0,23.2,20.1,97.5,4633,95.1,4.0,Residential,0.17,0.31,200,256.8,89.5,715,15.0
Lucknow,25.0,30.7,19.6,26.8,42.4,26235,21.9,21.3,Residential,0.56,0.73,302,190.4,223.9,1446,0.0
Jaipur,44.2,78.2,25.8,39.4,53.0,19753,79.7,19.5,Industrial,0.34,0.79,306,764.4,297.0,1394,15.0
Chicago,21.9,40.4,9.2,45.2,42.0,29592,33.8,11.5,Residential,0.38,0.31,125,735.5,299.9,1229,0.0
Delhi,43.0,57.3,22.1,15.5,71.4,1742,94.0,28.6,Residential,0.56,0.25,148,987.7,160.0,1309,14.4
Hyderabad,39.6,41.3,14.9,25.5,69.6,9039,74.8,1.2,Mixed Use,0.37,0.46,281,569.8,248.0,1128,11.5
Hyderabad,37.2,30.0,26.5,17.6,74.4,2331,77.8,9.5,Industrial,0.28,0.19,30,843.8,297.1,753,9.3
Kolkata,35.6,67.2,5.6,13.5,34.1,18453,29.7,27.7,Industrial,0.5,0.07,181,618.8,112.4,746,7.8
Houston,25.2,24.1,22.8,47.4,38.4,29011,49.9,10.0,Residential,0.32,0.76,200,886.7,75.7,687,0.0
Ahmedabad,33.4,76.1,7.4,54.7,21.3,7746,65.6,7.9,Industrial,0.26,0.74,232,748.9,34.3,722,5.1
New York,29.0,43.8,11.1,23.5,69.0,18802,79.3,16.3,Commercial,0.46,0.17,293,678.6,42.3,746,2.4
Indore,21.6,20.0,8.7,45.6,13.6,23300,19.4,24.8,Industrial,0.5,0.36,40,608.6,256.1,241,0.0
Mumbai,29.6,58.3,7.3,54.0,63.8,3732,96.6,3.5,Industrial,0.5,0.67,294,750.7,176.6,664,0.7
Tokyo,22.7,23.5,33.0,51.1,88.3,4258,90.1,28.3,Industrial,0.59,0.55,279,477.7,262.1,707,0.0
Phoenix,49.4,40.7,11.4,12.6,90.2,6497,34.3,24.0,Park/Green Space,0.49,0.35,352,186.9,236.8,434,15.0
Los Angeles,18.7,73.0,37.1,57.5,50.4,19239,84.0,5.8,Park/Green Space,0.48,0.61,135,136.0,202.1,780,0.0
Pune,23.3,24.7,38.8,23.8,51.3,26473,56.6,21.5,Park/Green Space,0.53,0.72,44,531.1,182.8,483,0.0
Dubai,38.4,83.0,22.9,21.7,16.9,11472,51.6,11.9,Industrial,0.1,0.74,352,639.4,14.5,1470,9.3
Indore,44.4,20.3,5.7,5.6,70.4,15868,38.3,12.4,Commercial,0.28,0.33,273,171.0,261.7,383,15.0
Chennai,41.5,38.5,15.0,30.2,83.9,2324,62.3,23.6,Industrial,0.47,0.18,230,358.2,125.4,169,14.3
Chennai,33.4,75.6,31.9,8.3,32.0,11183,75.7,28.9,Residential,0.4,0.73,324,389.8,167.9,1020,4.1
Kolkata,28.8,43.7,14.7,16.4,47.9,24164,47.0,4.2,Commercial,0.19,0.12,340,606.5,6.6,949,0.7
Houston,36.6,27.6,3.5,20.4,85.5,4560,66.6,12.9,Park/Green Space,0.25,0.59,358,350.6,280.8,868,8.4
Bhopal,33.4,47.0,22.3,48.9,88.9,22208,72.9,14.7,Mixed Use,0.27,0.16,276,186.1,270.8,322,4.6
Tokyo,16.0,40.3,33.8,52.8,31.9,904,74.0,11.6,Commercial,0.38,0.34,187,248.4,163.0,847,0.0
Pune,33.0,83.2,31.8,19.5,59.6,18605,14.7,11.2,Park/Green Space,0.52,0.36,356,256.6,173.2,1497,3.9
Lucknow,38.8,43.5,7.0,51.8,27.3,22200,87.4,2.0,Commercial,0.57,0.17,40,858.4,211.5,1255,12.3
Houston,24.1,79.2,26.9,51.7,19.2,11517,51.2,20.7,Commercial,0.48,0.74,105,355.9,79.4,695,0.0
Pune,33.4,86.9,8.8,46.3,92.0,4345,33.6,13.4,Industrial,0.52,0.05,34,743.2,66.6,358,3.8
Bangalore,30.6,52.5,8.7,10.5,83.8,21094,31.8,6.2,Residential,0.34,0.72,69,611.1,202.2,1298,2.8
Indore,37.6,88.2,35.0,42.0,78.4,11884,53.5,24.6,Mixed Use,0.29,0.71,323,979.3,31.3,31,10.6
Indore,26.9,48.3,10.0,56.8,14.4,16948,89.8,24.2,Park/Green Space,0.3,0.29,324,345.5,136.2,176,0.3
Chicago,22.0,92.3,10.5,41.6,85.9,9991,44.1,14.8,Commercial,0.41,0.58,215,242.5,147.8,916,0.0
Phoenix,43.5,26.7,0.0,21.2,49.4,13612,77.5,9.3,Mixed Use,0.16,0.24,383,146.8,114.4,64,15.0
Ahmedabad,34.1,71.5,34.8,31.0,40.8,23266,18.7,19.3,Commercial,0.39,0.62,320,316.9,55.6,26,6.5
Jaipur,34.3,57.0,31.7,39.5,59.2,26491,52.8,9.0,Residential,0.43,0.47,307,715.7,106.6,267,5.3
Pune,34.4,49.1,25.1,31.6,18.2,12285,99.3,7.5,Mixed Use,0.32,0.28,264,176.7,101.3,596,7.1
Mumbai,40.1,67.5,30.0,9.0,78.1,1468,79.3,22.1,Park/Green Space,0.58,0.35,372,320.2,149.8,1011,11.7
Bangalore,29.7,72.8,6.1,20.1,62.4,868,28.9,1.7,Commercial,0.4,0.57,220,869.8,202.4,65,3.1
Indore,28.9,20.3,18.3,48.5,26.8,8924,55.1,3.3,Residential,0.21,0.73,212,624.7,290.5,132,0.0
Dubai,34.9,32.5,14.0,52.0,26.9,2742,31.0,0.7,Mixed Use,0.34,0.15,355,162.6,43.2,915,10.5
Los Angeles,21.6,73.5,3.8,10.0,26.6,21886,46.9,5.0,Commercial,0.44,0.48,165,142.9,261.9,1389,0.0
Dubai,37.6,70.0,19.4,57.2,15.1,3583,80.2,2.5,Commercial,0.26,0.24,329,155.0,85.3,81,7.1
Sydney,25.6,92.5,36.8,21.1,62.9,24957,79.4,29.9,Park/Green Space,0.14,0.65,146,947.7,177.4,981,0.0
Mumbai,33.4,77.1,1.6,40.4,85.6,25996,30.5,9.0,Residential,0.39,0.1,194,864.9,164.0,1351,6.6
Kolkata,32.6,91.3,11.7,45.6,11.6,25764,93.0,4.9,Industrial,0.57,0.57,153,860.4,167.1,1121,6.4
London,16.2,72.7,8.3,49.1,14.4,29348,63.3,7.6,Commercial,0.34,0.18,85,931.8,217.0,584,0.0
Kolkata,27.9,42.4,9.5,56.9,61.5,13822,44.2,28.1,Mixed Use,0.55,0.5,384,554.7,114.5,326,1.0
Bhopal,39.0,27.9,36.3,20.1,83.8,1969,55.2,15.8,Park/Green Space,0.52,0.68,298,322.6,95.7,541,8.1
Indore,26.3,78.6,18.7,51.8,39.4,5225,64.5,11.3,Park/Green Space,0.17,0.62,265,461.2,255.9,1148,0.0
Indore,42.1,68.3,18.7,9.6,41.5,4759,60.4,26.3,Commercial,0.45,0.61,382,747.0,66.0,209,15.0
Surat,29.5,23.6,30.4,42.9,63.7,4122,53.8,12.2,Commercial,0.32,0.44,256,888.4,54.1,132,0.7
London,16.6,47.0,6.2,45.0,34.7,10792,55.4,10.4,Commercial,0.23,0.72,190,491.6,4.7,156,0.0
New York,14.3,91.8,19.5,41.3,12.4,27341,25.9,6.6,Industrial,0.44,0.49,70,581.8,63.2,874,0.0
Tokyo,40.4,57.5,17.2,16.6,76.2,28865,83.1,11.6,Commercial,0.47,0.74,347,938.6,155.6,381,11.5
London,11.4,52.5,23.9,52.6,66.3,17707,58.8,9.8,Residential,0.19,0.46,378,196.7,161.6,1045,0.0
Nagpur,39.0,54.3,40.0,11.8,62.3,3931,21.8,20.5,Mixed Use,0.56,0.43,172,876.1,76.3,973,9.7
Hyderabad,37.1,35.7,30.8,5.1,76.8,23412,79.0,9.0,Commercial,0.48,0.22,99,243.4,21.7,594,7.9
Chennai,35.2,47.7,15.9,43.6,70.8,4651,93.9,17.5,Industrial,0.57,0.46,164,535.5,223.4,1442,4.2
Bangalore,28.9,47.7,33.1,29.6,28.5,4713,95.3,2.4,Mixed Use,0.26,0.16,293,296.6,227.4,471,1.2
Houston,31.6,23.9,6.8,51.2,41.7,15735,43.2,6.1,Park/Green Space,0.57,0.7,174,642.7,299.4,233,3.4
Phoenix,43.6,77.6,1.2,24.2,21.3,24304,22.2,12.5,Commercial,0.28,0.56,356,602.7,270.0,571,13.8
Dubai,34.1,51.2,8.2,11.8,21.7,9489,56.7,28.1,Mixed Use,0.13,0.8,382,442.0,277.8,1477,6.4
Chicago,21.1,81.7,13.6,50.5,70.9,1279,20.1,11.6,Park/Green Space,0.48,0.12,344,877.0,239.5,770,0.0
Surat,45.1,83.8,20.4,33.8,87.3,15851,94.1,20.1,Industrial,0.45,0.23,355,693.8,184.7,1185,15.0
Jaipur,34.0,35.9,24.6,13.0,96.6,11542,26.5,8.0,Residential,0.4,0.71,162,749.1,38.6,300,6.4
Los Angeles,23.7,69.3,36.4,43.8,66.6,19776,32.7,4.2,Commercial,0.34,0.35,317,235.6,186.7,305,0.0
Chandigarh,28.2,55.4,20.4,31.6,26.6,6034,46.6,2.2,Residential,0.12,0.4,53,894.8,16.8,1,0.0
Surat,31.3,86.0,20.1,37.1,19.5,26969,44.5,9.5,Industrial,0.41,0.7,323,250.3,265.6,270,6.4
Mumbai,35.4,36.2,2.0,28.7,83.2,3806,81.5,5.2,Mixed Use,0.31,0.44,258,300.5,144.5,420,6.7
London,12.0,70.8,1.4,50.1,62.1,3402,51.1,5.6,Mixed Use,0.38,0.2,157,215.2,209.2,1166,0.0
Tokyo,14.5,65.6,22.0,50.1,65.6,29879,25.4,22.9,Industrial,0.31,0.72,273,496.3,15.7,699,0.0
Tokyo,29.4,42.1,17.5,43.1,80.3,13891,34.0,1.0,Industrial,0.58,0.07,24,898.9,160.3,863,1.2
Bangalore,37.2,30.2,33.6,8.1,73.3,4218,55.8,17.0,Commercial,0.4,0.72,391,327.2,90.4,959,10.1
New York,25.4,68.9,6.4,50.7,85.1,521,23.3,11.7,Park/Green Space,0.47,0.09,195,436.4,85.5,993,0.0
Beijing,21.0,75.4,1.0,40.9,15.1,2000,65.0,15.4,Residential,0.57,0.55,392,861.5,116.9,1009,0.0
Dubai,34.1,43.7,18.0,42.4,77.3,9534,60.9,17.1,Residential,0.4,0.1,233,656.0,0.2,878,5.6
Nagpur,45.0,68.4,9.5,23.1,86.6,16299,74.3,9.7,Mixed Use,0.11,0.58,383,776.5,140.0,691,15.0
Bhopal,26.4,49.6,2.0,53.0,35.8,26836,94.4,9.2,Mixed Use,0.12,0.08,42,292.6,146.0,866,0.0
Lucknow,32.2,73.5,29.0,44.1,67.6,4141,92.1,22.1,Commercial,0.45,0.68,337,744.8,258.9,1060,2.2
New York,27.2,34.9,4.5,8.5,38.3,22096,95.1,26.2,Industrial,0.24,0.4,32,304.8,134.6,106,0.9
Ahmedabad,39.2,86.8,24.3,25.7,96.2,691,32.0,6.2,Residential,0.39,0.12,260,988.6,109.1,1320,13.6
Kolkata,22.1,41.6,11.2,53.4,13.0,13806,21.8,3.4,Commercial,0.2,0.58,295,603.9,298.4,1120,0.0
Bhopal,37.5,47.6,6.9,4.7,62.2,13914,37.2,27.0,Mixed Use,0.24,0.42,111,726.1,171.4,280,11.4
Sydney,17.2,24.4,15.2,57.8,25.0,9087,90.6,10.8,Mixed Use,0.35,0.19,127,206.6,141.8,1133,0.0
London,22.9,28.4,32.1,41.4,74.1,24058,97.5,16.8,Residential,0.59,0.06,248,325.6,148.8,548,0.0
Ahmedabad,38.6,58.7,15.7,38.6,25.8,21998,87.3,11.1,Mixed Use,0.41,0.36,171,225.8,242.8,551,9.4
Chennai,32.1,40.1,30.0,17.7,31.2,5162,19.9,4.2,Mixed Use,0.57,0.11,127,451.2,102.2,187,5.1
Ahmedabad,43.9,82.7,5.0,16.4,54.5,4826,95.3,17.9,Park/Green Space,0.58,0.12,308,355.7,116.7,751,15.0
Chicago,29.8,21.1,30.9,56.6,92.3,9565,48.1,16.0,Industrial,0.2,0.25,195,759.6,226.8,869,1.7
Hyderabad,26.7,48.4,9.5,19.3,29.1,27697,10.8,6.5,Mixed Use,0.26,0.52,339,197.8,21.9,1377,0.6
Jaipur,24.3,45.3,27.1,47.0,23.0,21219,49.8,13.8,Park/Green Space,0.48,0.45,305,776.9,259.6,18,0.0
Chennai,38.4,21.4,22.6,24.8,78.3,25165,14.1,24.0,Commercial,0.53,0.1,383,141.1,129.1,858,9.1
Tokyo,35.4,29.3,37.2,10.1,55.1,10971,58.9,17.9,Mixed Use,0.36,0.78,348,281.8,174.4,1416,6.4
Los Angeles,32.2,51.0,15.5,2.6,92.1,25532,40.5,3.4,Commercial,0.6,0.72,384,812.8,227.2,1284,5.2
Jaipur,40.2,57.0,2.6,33.6,23.2,27356,52.6,16.7,Mixed Use,0.11,0.24,260,768.5,79.8,984,13.8
Mumbai,32.2,50.3,0.8,58.6,68.1,13141,65.2,21.2,Residential,0.25,0.14,164,528.7,267.1,409,5.0
London,15.3,59.8,33.1,23.4,31.0,9696,88.2,23.9,Park/Green Space,0.41,0.76,375,145.0,293.8,1426,0.0
Phoenix,34.4,64.6,21.0,22.7,24.1,13226,69.6,19.1,Park/Green Space,0.33,0.4,33,648.9,148.3,483,8.9
Indore,36.9,20.7,31.0,22.0,71.5,22378,49.1,5.0,Residential,0.16,0.28,294,466.1,281.1,1327,9.6
New York,23.8,54.8,9.4,32.2,63.4,16151,83.7,21.5,Industrial,0.28,0.42,90,384.9,0.3,623,0.0
Indore,38.0,92.3,13.8,27.6,77.9,9036,91.5,20.5,Park/Green Space,0.11,0.63,334,676.4,268.3,655,8.0
Chandigarh,32.7,58.9,1.2,53.0,37.9,19595,20.8,1.2,Commercial,0.42,0.18,214,493.0,93.3,767,4.1
Bangalore,25.6,70.8,38.5,31.3,50.3,24479,57.9,12.6,Park/Green Space,0.55,0.63,372,183.2,93.4,17,0.0
Kolkata,36.5,43.4,26.7,31.4,46.5,13444,35.6,10.3,Industrial,0.54,0.61,319,924.4,68.4,183,11.2
Chicago,21.8,78.0,37.3,10.0,98.6,6773,14.2,20.2,Commercial,0.45,0.45,386,800.6,95.1,404,0.0
Houston,23.9,78.0,10.6,59.0,36.3,6784,70.2,6.9,Commercial,0.33,0.7,30,150.7,64.0,798,0.0
Hyderabad,29.6,59.1,24.5,16.5,36.5,27538,87.6,17.9,Residential,0.36,0.15,125,572.6,271.8,1154,1.2
Surat,35.2,93.2,27.1,6.3,41.9,26192,24.7,27.4,Mixed Use,0.17,0.5,277,175.0,269.7,478,8.1
Dubai,43.8,29.4,12.7,40.5,60.8,9317,83.1,24.0,Residential,0.27,0.39,215,853.6,30.7,7,15.0
Delhi,32.3,21.3,33.9,36.5,32.7,29455,86.8,27.7,Mixed Use,0.19,0.37,164,651.7,42.9,704,1.3
Lucknow,44.4,77.8,37.9,26.1,92.4,27055,92.3,29.4,Residential,0.51,0.24,239,255.2,258.6,1341,15.0
Sydney,17.9,80.5,35.4,26.5,33.9,20878,33.9,0.8,Mixed Use,0.56,0.33,369,118.7,119.7,1414,0.0
Chicago,25.6,29.0,29.6,47.5,90.6,18562,91.4,18.9,Park/Green Space,0.37,0.13,193,128.4,50.8,1159,0.0
Indore,29.5,39.9,11.1,13.4,19.3,8914,38.9,12.7,Commercial,0.46,0.24,235,556.6,153.2,530,0.0
Hyderabad,34.6,21.3,11.3,49.6,69.1,17627,59.7,25.9,Mixed Use,0.16,0.25,112,760.9,125.0,912,3.0
Beijing,27.5,42.0,38.5,39.6,91.6,17346,14.5,7.9,Park/Green Space,0.4,0.59,279,208.8,65.7,1390,0.0
Sydney,24.1,78.0,0.4,26.3,25.2,18452,13.9,29.4,Industrial,0.45,0.09,82,299.2,216.2,688,0.0
Mumbai,33.2,58.8,28.6,28.6,97.1,12039,74.8,18.6,Residential,0.33,0.54,48,394.5,189.4,1034,3.9
Tokyo,22.8,46.1,28.2,16.9,50.8,14493,50.0,23.9,Industrial,0.22,0.22,294,296.3,29.9,552,0.0
Mumbai,30.1,47.9,24.9,45.6,95.1,13951,33.1,3.0,Park/Green Space,0.54,0.11,366,452.2,277.6,445,2.9
Chicago,20.1,20.1,39.6,31.7,70.9,15192,27.1,5.9,Industrial,0.47,0.28,304,603.7,167.5,1137,0.0
Surat,36.0,42.5,12.5,20.6,37.1,18620,70.3,22.9,Industrial,0.55,0.22,391,716.4,75.1,705,4.5
Los Angeles,23.0,68.5,13.6,36.6,26.9,13834,10.0,1.1,Park/Green Space,0.51,0.46,89,967.4,61.9,195,0.0
Nagpur,29.8,93.1,3.2,59.8,37.3,29115,82.5,24.6,Commercial,0.6,0.32,398,937.8,40.8,859,1.3
London,7.4,83.5,17.7,27.2,18.4,8403,17.1,0.9,Mixed Use,0.2,0.77,298,613.1,127.4,1346,0.0
Dubai,40.7,21.8,10.4,55.4,22.9,29027,27.2,19.9,Residential,0.14,0.77,250,760.7,40.7,627,13.4
Tokyo,18.9,87.4,13.7,22.0,19.4,16129,44.8,11.3,Mixed Use,0.27,0.38,321,955.8,124.7,980,0.0
Los Angeles,30.9,78.7,33.4,5.2,48.1,23886,53.6,18.5,Residential,0.16,0.65,274,175.1,44.6,629,2.3
Indore,35.9,78.5,37.4,13.8,81.6,25740,41.9,21.0,Mixed Use,0.36,0.06,191,105.1,197.0,1188,7.4
Mumbai,31.3,54.3,7.4,26.3,22.7,18240,38.9,10.6,Industrial,0.42,0.46,199,126.8,235.6,1275,2.2
Delhi,36.2,49.9,14.9,14.7,21.7,1514,96.8,3.7,Commercial,0.39,0.61,283,607.0,164.9,43,9.4
Jaipur,39.0,42.7,37.1,2.0,67.9,27208,67.7,2.6,Industrial,0.23,0.21,202,786.6,204.0,1493,9.6
Bangalore,23.4,24.9,2.5,55.1,27.7,11360,12.1,17.9,Commercial,0.55,0.1,341,430.4,281.5,488,0.0
Mumbai,25.2,37.1,3.7,50.9,18.8,17938,48.7,15.9,Park/Green Space,0.11,0.17,224,590.7,191.5,180,0.0
London,21.0,38.5,6.5,45.1,25.0,2264,88.8,22.4,Residential,0.27,0.38,268,564.7,109.2,1100,0.0
New York,32.4,56.3,23.8,11.7,93.1,6509,37.1,15.5,Residential,0.46,0.43,232,185.3,134.8,373,3.4
Beijing,34.5,76.1,6.0,9.0,83.9,21342,18.5,13.0,Park/Green Space,0.48,0.34,178,389.4,258.2,627,4.5
Kolkata,33.7,55.5,38.7,5.9,41.9,27945,78.3,12.2,Mixed Use,0.31,0.38,119,117.5,39.2,956,4.7
Los Angeles,24.8,24.3,17.9,44.0,69.0,10104,64.5,1.3,Park/Green Space,0.11,0.4,336,199.6,97.7,66,0.0
Hyderabad,25.7,91.8,20.1,55.9,58.4,16512,61.3,10.4,Park/Green Space,0.41,0.63,131,830.7,173.2,1115,0.0
Hyderabad,33.2,90.7,9.9,27.0,70.9,1167,14.8,29.3,Commercial,0.13,0.13,327,846.5,202.9,778,4.9
Kolkata,32.9,78.9,18.8,8.9,71.4,3870,22.6,26.3,Park/Green Space,0.15,0.63,185,821.8,229.0,650,6.3
Bangalore,35.0,94.3,26.5,31.7,66.6,6476,66.0,10.2,Residential,0.43,0.57,55,754.1,95.5,1267,7.9
London,15.9,60.8,30.0,22.2,33.9,18278,28.7,17.8,Industrial,0.26,0.61,131,814.0,43.8,340,0.0
Beijing,23.4,92.2,30.2,23.7,13.5,25174,55.4,25.5,Commercial,0.27,0.6,106,703.9,286.5,902,0.0
Hyderabad,31.2,25.7,23.1,38.0,51.0,20954,59.0,13.5,Commercial,0.34,0.4,202,702.9,22.9,1327,2.4
London,18.7,47.4,36.2,43.7,90.2,23866,35.5,1.0,Mixed Use,0.59,0.21,104,700.6,28.7,397,0.0
Hyderabad,48.5,36.9,32.7,8.4,61.3,9113,95.4,2.7,Industrial,0.58,0.45,288,562.6,148.5,702,15.0
Lucknow,41.1,34.7,30.3,4.1,84.9,6099,85.8,15.6,Commercial,0.31,0.77,184,427.0,245.8,1471,14.6
Lucknow,34.5,30.6,2.2,59.7,99.2,4150,75.0,29.1,Park/Green Space,0.23,0.49,322,757.2,232.4,96,7.3
Houston,31.7,66.7,0.3,15.5,24.7,12849,17.0,20.9,Commercial,0.25,0.06,109,368.8,281.3,1354,3.0
Los Angeles,20.3,78.6,8.5,5.1,72.3,26208,19.6,2.6,Commercial,0.23,0.09,257,588.6,42.5,1228,0.0
London,22.6,63.4,26.5,13.0,70.7,10394,54.4,6.1,Commercial,0.37,0.79,41,490.0,112.7,448,0.0
Chandigarh,37.2,31.0,16.4,4.3,98.2,20504,24.5,23.3,Mixed Use,0.4,0.1,186,349.0,84.6,1441,8.8
Jaipur,39.4,80.8,16.1,24.7,98.7,3690,98.0,25.3,Commercial,0.34,0.08,234,977.2,258.3,76,12.3
Chandigarh,29.9,67.7,35.4,48.5,71.8,15845,24.3,18.7,Commercial,0.3,0.31,77,332.9,146.5,895,3.0
Mumbai,30.6,49.1,35.8,21.8,31.9,9289,53.9,19.5,Mixed Use,0.21,0.78,49,378.4,8.1,548,3.6
Houston,24.6,70.6,36.4,27.8,81.9,891,42.8,1.3,Industrial,0.34,0.29,125,245.4,212.4,797,0.0
Indore,26.1,39.5,12.6,41.2,19.6,17959,67.5,24.9,Residential,0.27,0.36,349,840.7,116.6,1448,0.0
Indore,21.2,45.9,27.6,31.5,80.3,3150,21.6,23.8,Mixed Use,0.37,0.53,186,627.9,159.3,1452,0.0
Chennai,36.8,88.8,10.9,52.0,91.9,14100,48.7,8.1,Mixed Use,0.44,0.07,369,651.7,268.1,814,7.4
Mumbai,29.4,41.8,7.6,52.2,44.5,14817,34.7,21.4,Commercial,0.42,0.72,173,838.5,77.0,1021,0.1
Los Angeles,30.6,55.2,7.4,2.6,66.8,19268,89.9,6.8,Commercial,0.33,0.44,346,408.6,72.1,134,2.7
Ahmedabad,34.2,86.8,13.7,47.1,48.7,17693,13.7,1.7,Residential,0.38,0.4,26,274.3,79.0,653,6.5
Delhi,31.4,73.1,17.2,28.7,49.4,16063,92.2,6.4,Commercial,0.24,0.7,216,278.6,101.4,1277,0.7
Ahmedabad,27.2,24.7,33.2,59.4,37.9,24931,85.0,5.8,Park/Green Space,0.11,0.76,340,759.4,32.2,1278,0.0
Pune,36.1,31.0,4.8,30.0,78.6,28385,36.8,10.5,Commercial,0.41,0.37,65,652.7,209.2,645,9.3
Delhi,32.0,20.6,29.4,59.2,94.3,22385,81.0,12.8,Commercial,0.23,0.18,37,285.7,62.2,719,3.9
Tokyo,24.8,67.3,21.3,45.8,94.7,28814,12.8,15.5,Park/Green Space,0.43,0.66,172,230.6,277.8,612,0.4
Tokyo,25.3,53.6,11.5,16.4,25.7,7395,97.0,14.6,Residential,0.47,0.35,283,208.6,64.7,483,0.0
Bangalore,30.2,30.1,19.7,33.2,88.7,18043,57.4,8.5,Park/Green Space,0.56,0.75,93,665.0,76.7,1069,1.7
Chicago,18.7,91.8,12.0,59.5,76.4,24458,37.3,1.4,Mixed Use,0.58,0.76,164,100.1,89.1,1466,0.0
Bhopal,23.6,59.7,23.8,51.7,32.8,2031,42.6,18.4,Park/Green Space,0.11,0.14,121,116.5,230.6,647,0.0
Mumbai,31.7,38.1,17.4,7.6,16.1,5981,16.0,12.2,Industrial,0.6,0.77,354,450.6,128.3,791,3.2
Tokyo,22.5,57.5,6.6,43.0,34.1,24432,99.0,9.3,Mixed Use,0.44,0.33,354,722.2,245.8,578,0.0
Bhopal,36.9,71.0,4.7,22.0,92.1,21860,13.5,26.1,Commercial,0.42,0.53,140,725.5,235.5,1027,8.1
Hyderabad,36.7,25.7,21.9,2.4,67.0,22579,68.9,22.5,Mixed Use,0.11,0.08,195,487.1,278.8,0,8.6
Dubai,34.8,40.6,36.1,25.4,74.9,11374,49.8,25.8,Residential,0.53,0.72,82,722.0,227.0,1313,8.6
Los Angeles,31.8,80.5,13.8,15.6,33.1,25329,95.4,15.1,Residential,0.17,0.53,315,569.0,15.6,108,7.1
New York,23.9,54.5,29.3,49.5,74.7,20432,32.1,4.4,Park/Green Space,0.52,0.53,103,979.2,251.2,459,0.0
Surat,40.6,61.0,26.3,21.6,12.5,28261,57.9,21.0,Mixed Use,0.11,0.73,34,246.2,281.4,265,11.4
Beijing,17.0,52.5,37.3,50.0,43.8,6663,53.4,6.6,Commercial,0.42,0.43,374,640.6,298.1,1161,0.0
Surat,39.2,23.3,32.8,2.0,66.4,23555,73.3,13.5,Residential,0.32,0.36,153,542.1,37.6,1457,11.0
Hyderabad,29.4,32.4,22.7,19.9,23.1,5764,16.1,2.4,Commercial,0.2,0.7,140,275.0,184.0,43,4.1
London,25.9,53.4,26.3,16.0,84.1,18115,27.4,24.8,Industrial,0.15,0.61,338,775.0,59.8,885,0.0
Chandigarh,27.0,35.7,35.9,15.5,31.2,16390,29.3,4.2,Residential,0.32,0.76,147,348.0,78.8,943,0.0
Delhi,36.4,23.7,16.0,6.0,68.7,19307,76.4,27.1,Park/Green Space,0.16,0.76,387,443.5,223.7,982,7.6
Nagpur,42.4,83.3,13.1,12.9,46.5,12267,27.0,26.0,Industrial,0.34,0.34,386,437.3,293.3,261,15.0
Houston,31.6,93.6,0.4,34.2,63.6,8571,61.6,14.2,Mixed Use,0.41,0.39,307,319.8,178.5,727,4.6
Pune,31.1,79.5,33.1,18.9,19.7,21145,29.4,22.5,Commercial,0.51,0.24,320,487.6,255.2,632,2.8
Kolkata,33.6,84.0,32.0,26.2,11.5,26649,87.5,18.8,Residential,0.44,0.55,397,526.0,2.7,151,6.6
Delhi,42.5,38.1,4.2,23.9,91.9,16040,94.8,24.2,Industrial,0.13,0.32,199,769.8,11.0,212,11.1
Kolkata,27.4,92.0,23.1,52.8,34.3,3408,56.7,13.2,Industrial,0.25,0.64,101,788.6,179.0,1015,0.0
Chicago,19.8,34.8,18.6,54.5,83.8,5212,41.7,23.7,Residential,0.24,0.14,32,242.7,116.7,1257,0.0
Delhi,39.1,91.4,4.7,30.6,99.9,23639,31.1,14.1,Mixed Use,0.56,0.14,43,633.5,266.9,862,9.9
Chicago,21.4,94.6,39.2,21.1,29.0,26701,14.5,28.3,Mixed Use,0.53,0.2,187,906.6,90.6,622,0.0
Surat,32.6,73.4,8.6,8.2,33.9,12690,34.2,14.8,Park/Green Space,0.29,0.11,289,197.9,129.6,360,1.8
Houston,30.6,93.6,2.7,57.3,69.7,20767,68.9,14.1,Mixed Use,0.14,0.52,89,525.6,158.4,319,5.0
Delhi,38.0,62.7,23.8,5.5,96.9,20399,58.0,23.7,Park/Green Space,0.55,0.16,337,775.3,81.9,221,8.9
Phoenix,42.3,39.5,29.6,19.3,92.4,20287,95.0,24.7,Industrial,0.54,0.17,395,650.3,272.5,209,14.7
Dubai,42.3,52.8,1.3,19.3,55.3,21482,45.7,16.9,Residential,0.53,0.06,108,190.5,139.4,1419,15.0
Kolkata,30.4,64.5,26.3,20.6,81.6,21892,72.4,5.8,Mixed Use,0.52,0.64,208,456.9,127.2,930,4.7
Mumbai,40.3,25.5,21.3,11.5,22.2,23106,54.0,14.3,Park/Green Space,0.34,0.66,276,556.5,254.9,488,12.1
Sydney,23.0,66.7,4.1,47.4,98.0,29756,56.1,29.1,Industrial,0.19,0.17,236,996.3,93.6,600,0.0
Surat,41.9,93.6,6.9,9.1,96.8,10650,34.1,22.7,Mixed Use,0.34,0.6,51,260.7,245.2,773,14.2
Beijing,26.7,34.3,22.7,38.8,24.7,20893,50.9,24.4,Commercial,0.35,0.38,160,984.2,36.7,877,0.6
Lucknow,33.1,79.4,11.9,9.2,36.9,19619,52.4,1.5,Industrial,0.34,0.23,180,438.5,54.8,1487,4.8
Houston,21.1,88.1,37.5,6.1,19.0,4991,73.6,14.3,Mixed Use,0.37,0.52,51,280.3,285.3,699,0.0
Los Angeles,19.2,90.8,32.7,54.7,34.5,14419,94.7,19.6,Industrial,0.23,0.18,331,472.7,252.7,451,0.0
Hyderabad,33.3,92.0,39.3,13.0,83.4,14668,39.6,25.0,Residential,0.28,0.62,171,652.6,116.4,412,3.5
Chennai,20.3,59.1,10.4,49.6,44.0,28250,13.8,2.0,Residential,0.32,0.09,366,292.1,191.5,475,0.0
Lucknow,30.1,93.3,38.8,33.6,18.0,9093,54.7,25.6,Residential,0.17,0.77,279,362.3,282.9,255,1.6
Sydney,28.1,76.8,17.2,6.5,40.8,17858,59.0,16.7,Commercial,0.33,0.1,235,869.1,63.6,1173,0.0
Los Angeles,29.6,32.1,13.9,57.4,98.3,17107,25.2,6.3,Residential,0.51,0.48,298,999.1,17.7,126,0.5
Lucknow,36.1,55.8,2.0,16.3,66.7,5113,78.4,9.9,Commercial,0.51,0.73,304,386.4,161.2,391,8.2
Los Angeles,18.9,73.9,2.1,51.9,47.5,23661,98.6,8.8,Residential,0.31,0.06,117,234.0,42.8,479,0.0
Phoenix,39.3,38.6,27.7,11.8,25.0,25311,95.1,16.2,Industrial,0.36,0.42,49,813.9,56.2,992,10.9
Sydney,24.3,68.0,18.3,51.5,98.8,28574,27.7,2.0,Mixed Use,0.12,0.31,109,640.4,267.5,1420,0.0
Hyderabad,47.0,70.0,9.1,2.8,83.9,21095,88.8,5.2,Mixed Use,0.44,0.49,167,190.4,2.2,922,15.0
Delhi,38.7,32.2,24.6,31.7,35.3,11926,73.4,24.5,Residential,0.3,0.22,163,952.1,245.0,401,8.3
Kolkata,32.9,62.4,10.1,46.6,16.3,17109,50.8,4.4,Mixed Use,0.32,0.1,86,170.2,155.1,273,5.4
London,11.9,77.9,23.1,56.2,15.1,27353,58.7,7.4,Residential,0.54,0.52,376,662.8,167.8,844,0.0
Delhi,32.8,57.4,14.4,54.7,20.8,8683,86.5,13.9,Residential,0.33,0.36,77,481.5,201.5,138,4.4
Indore,26.8,20.9,32.9,49.5,62.3,21161,53.2,15.8,Park/Green Space,0.11,0.52,300,601.0,129.4,102,0.0
Nagpur,36.2,20.7,32.8,53.5,93.6,18225,43.6,23.0,Park/Green Space,0.21,0.21,298,291.9,34.7,1265,7.9
Nagpur,34.4,46.8,19.1,13.6,54.7,20920,54.4,13.7,Park/Green Space,0.34,0.3,255,719.3,30.8,1140,6.7
New York,30.7,89.5,14.0,18.5,85.9,8901,62.1,23.8,Commercial,0.31,0.47,372,963.7,226.3,1237,3.7
Nagpur,37.4,37.2,14.5,18.8,50.1,4227,27.0,18.7,Park/Green Space,0.53,0.49,147,512.6,66.3,483,9.8
Houston,41.3,67.6,32.2,23.9,73.8,14203,91.1,3.8,Residential,0.37,0.33,356,570.7,8.4,528,12.3
Surat,38.1,36.7,13.1,24.8,75.9,20812,70.7,5.1,Industrial,0.44,0.26,228,315.8,293.9,223,9.2
Dubai,38.2,44.1,8.4,33.6,25.7,19687,67.0,13.4,Park/Green Space,0.33,0.26,205,902.7,294.1,1293,8.0
Beijing,28.7,83.6,3.4,11.3,42.5,26185,19.0,12.2,Park/Green Space,0.32,0.18,188,974.1,113.4,1157,0.0
Beijing,24.9,74.7,18.7,42.1,67.4,23442,64.4,22.4,Industrial,0.32,0.29,191,807.7,7.7,113,0.0
New York,18.8,27.2,19.3,11.7,16.4,10718,20.9,17.6,Residential,0.31,0.2,279,588.5,218.2,1464,0.0
Nagpur,39.2,52.2,33.6,20.0,42.5,893,17.1,11.9,Commercial,0.37,0.53,224,961.1,249.3,643,9.4
Tokyo,23.0,22.2,8.8,31.2,58.1,23723,57.5,5.5,Park/Green Space,0.23,0.48,154,238.5,37.5,650,0.0
New York,21.1,56.1,15.2,48.2,99.7,16492,46.3,7.2,Industrial,0.55,0.34,65,530.6,40.6,1388,0.0
Ahmedabad,36.4,69.7,32.3,44.9,52.7,9535,63.0,17.5,Residential,0.27,0.29,28,583.8,246.7,1255,8.1
Chennai,37.9,28.9,32.9,39.4,83.4,10216,18.0,13.0,Mixed Use,0.17,0.23,180,542.7,276.6,457,12.0
Ahmedabad,37.2,41.7,15.4,11.0,48.9,9295,48.8,15.7,Commercial,0.15,0.45,308,822.2,237.2,374,10.0
Chennai,33.8,49.8,18.4,33.7,81.7,1081,25.7,5.5,Industrial,0.11,0.74,359,703.4,60.2,610,5.0
Sydney,33.0,89.0,12.1,7.1,63.6,14830,98.8,20.1,Industrial,0.31,0.56,340,214.0,123.5,206,4.4
Dubai,40.2,94.5,37.3,23.9,89.8,10631,60.5,25.6,Industrial,0.19,0.61,125,411.8,180.3,1491,11.4
Bangalore,27.5,23.4,4.7,26.0,47.0,632,71.9,8.1,Park/Green Space,0.11,0.68,309,405.2,48.1,1466,0.8
Bangalore,34.9,77.1,37.3,4.3,64.4,19722,39.3,15.0,Mixed Use,0.36,0.31,360,609.1,63.2,916,6.4
Chicago,25.7,47.9,27.4,17.9,66.7,15484,18.5,29.3,Commercial,0.44,0.1,107,362.3,84.9,320,0.0
Houston,33.1,49.4,21.3,57.4,47.6,3885,97.8,10.3,Residential,0.14,0.52,211,205.5,152.9,92,5.0
Houston,19.0,76.6,1.3,57.3,23.0,4270,35.8,18.1,Residential,0.33,0.19,172,688.3,153.2,1431,0.0
London,14.0,88.9,19.0,22.4,18.4,2768,48.1,3.2,Mixed Use,0.47,0.48,330,865.9,244.3,1181,0.0
Hyderabad,35.3,91.3,16.3,4.5,11.5,1475,68.5,18.4,Industrial,0.59,0.6,156,938.4,225.9,871,5.9
Chicago,24.0,63.3,6.4,12.4,88.6,8105,12.2,3.1,Industrial,0.43,0.64,292,975.3,274.1,98,0.0
Lucknow,36.7,46.8,26.3,24.7,31.3,7713,82.9,28.8,Industrial,0.22,0.28,168,803.0,249.9,224,9.1
Tokyo,22.7,79.1,38.8,57.0,29.0,26889,58.3,21.6,Industrial,0.46,0.43,207,225.7,76.2,851,0.0
London,20.3,38.8,22.5,10.2,76.2,11955,35.0,23.8,Industrial,0.4,0.52,160,867.8,99.4,440,0.0
Kolkata,27.2,62.3,28.6,46.3,38.8,26619,15.5,21.3,Mixed Use,0.21,0.66,150,460.0,150.1,719,0.0
Mumbai,41.7,46.9,2.7,8.3,55.5,3335,24.6,17.9,Park/Green Space,0.53,0.62,23,756.9,4.3,584,15.0
Hyderabad,35.6,69.2,16.7,58.9,24.6,3238,90.6,13.8,Commercial,0.31,0.79,282,578.1,271.2,1424,8.8
Jaipur,45.8,38.0,4.7,24.1,96.4,10049,71.7,25.8,Industrial,0.58,0.06,45,845.7,13.3,63,15.0
Bhopal,34.3,34.4,24.5,47.0,86.6,4634,32.5,28.7,Park/Green Space,0.46,0.38,43,483.0,96.7,767,4.7
Chandigarh,29.5,88.9,37.5,21.9,87.7,26392,15.9,15.2,Residential,0.42,0.24,285,155.6,170.8,559,2.0
Delhi,34.4,27.6,26.5,38.4,46.6,7333,72.2,28.0,Mixed Use,0.46,0.14,248,601.1,155.4,1302,6.6
Los Angeles,34.5,57.9,3.1,13.1,78.6,8853,61.5,17.7,Park/Green Space,0.34,0.73,288,254.2,196.3,669,7.0
Chandigarh,30.7,36.6,14.2,10.5,22.9,16190,46.4,16.4,Industrial,0.35,0.8,144,969.0,158.3,1271,4.8
Indore,21.2,22.9,22.0,56.4,10.8,2409,42.7,13.9,Industrial,0.53,0.19,191,574.3,68.7,367,0.0
Jaipur,21.6,22.7,16.1,55.2,11.8,26203,29.5,6.7,Industrial,0.44,0.08,253,598.2,60.3,743,0.0
Dubai,29.7,33.1,33.3,53.5,62.8,14996,70.3,0.6,Park/Green Space,0.55,0.26,314,916.5,272.2,617,2.5
Surat,26.4,85.0,32.6,38.3,51.0,12562,97.4,7.6,Industrial,0.55,0.68,294,662.1,79.2,1005,0.0
Dubai,37.6,41.2,24.5,48.9,56.6,10350,25.8,15.5,Park/Green Space,0.59,0.27,95,372.5,84.3,1121,9.2
Tokyo,26.4,91.3,14.9,6.0,10.7,28201,63.7,11.7,Industrial,0.45,0.09,327,366.5,123.9,1291,0.0
Surat,33.9,63.6,10.2,21.4,48.0,2463,48.2,13.7,Residential,0.35,0.09,233,551.4,41.8,1083,4.5
Sydney,27.9,52.7,4.2,20.2,74.6,5653,50.2,29.4,Residential,0.18,0.37,395,879.9,152.2,499,1.5
Nagpur,35.1,63.5,14.2,38.9,49.8,10981,32.9,10.8,Commercial,0.45,0.75,177,815.3,199.5,1331,5.5
New York,29.0,58.8,16.5,22.6,75.9,1466,84.3,13.8,Industrial,0.25,0.26,321,966.5,235.8,1006,0.8
Los Angeles,20.2,76.9,27.0,10.6,31.0,1389,53.7,4.4,Industrial,0.24,0.37,223,164.7,213.4,410,0.0
Chennai,40.0,41.2,26.3,36.6,83.2,19945,58.9,1.9,Park/Green Space,0.22,0.13,168,341.5,44.3,1017,14.0
Mumbai,32.4,46.5,2.8,49.2,63.0,6961,37.4,23.4,Park/Green Space,0.54,0.42,94,172.2,136.8,1163,4.4
Ahmedabad,35.0,87.1,15.8,24.2,29.0,6666,26.4,17.3,Industrial,0.53,0.57,399,776.0,11.6,1351,8.4
Los Angeles,29.0,91.0,7.3,9.7,31.3,28705,17.7,22.9,Commercial,0.42,0.25,248,226.8,5.3,463,2.1
Bangalore,31.2,86.9,6.3,13.4,66.5,23851,74.3,4.9,Industrial,0.34,0.27,323,189.9,132.0,701,3.4
Phoenix,47.3,51.5,33.1,15.8,84.7,16506,27.7,17.4,Park/Green Space,0.44,0.68,81,605.5,75.9,162,15.0
Surat,37.3,78.5,1.7,19.4,47.4,11881,72.1,8.0,Industrial,0.4,0.06,77,470.3,205.0,59,7.1
Surat,34.5,55.7,16.8,39.3,33.2,16844,45.1,7.2,Park/Green Space,0.31,0.53,293,743.6,217.3,1054,6.7
Sydney,30.6,57.3,6.7,36.9,88.0,11440,47.4,0.8,Industrial,0.29,0.35,127,538.3,268.6,332,1.8
Tokyo,19.9,35.4,35.2,42.4,70.2,26742,52.2,4.3,Mixed Use,0.29,0.27,206,482.8,228.2,75,0.0
Chandigarh,33.6,64.3,22.3,23.0,50.3,11758,43.1,9.6,Park/Green Space,0.39,0.54,248,483.0,14.5,316,6.7
Beijing,24.0,34.0,9.3,49.8,53.9,24985,19.1,3.9,Commercial,0.42,0.68,67,884.7,111.5,1440,0.0
Chandigarh,30.8,44.9,20.1,13.8,28.4,24263,37.9,29.6,Mixed Use,0.33,0.47,338,455.7,81.9,189,1.1
Sydney,25.6,84.1,29.3,29.2,66.4,26517,69.7,9.6,Industrial,0.58,0.07,287,400.1,115.8,1338,0.0
Delhi,29.7,35.5,38.3,48.5,42.3,7780,69.9,4.3,Park/Green Space,0.14,0.4,234,404.7,48.0,295,0.2
Indore,43.1,25.3,8.8,12.4,99.6,1567,35.8,6.4,Mixed Use,0.27,0.4,309,276.9,29.3,500,14.0
Chandigarh,35.7,25.2,35.4,8.4,53.2,21107,51.4,17.8,Commercial,0.31,0.46,273,874.6,156.3,176,6.2
Sydney,18.5,90.6,37.4,53.3,53.7,11615,27.4,2.4,Park/Green Space,0.11,0.55,377,232.0,216.1,799,0.0
Houston,23.9,58.0,36.7,21.9,60.9,29329,28.9,25.9,Mixed Use,0.28,0.06,106,917.7,210.6,805,0.0
Pune,33.2,50.7,25.4,41.7,92.5,28932,12.1,28.9,Mixed Use,0.24,0.43,200,355.1,135.3,859,5.2
Bangalore,39.7,80.8,25.2,3.5,82.1,9518,90.7,7.8,Mixed Use,0.35,0.49,44,909.5,156.7,214,11.0
Surat,40.7,82.7,16.1,42.0,50.6,16253,29.0,13.8,Residential,0.27,0.31,241,811.7,154.9,652,10.4
Beijing,32.4,44.9,30.1,20.3,74.7,14678,30.5,1.2,Industrial,0.46,0.55,68,623.8,207.5,596,5.2
Chandigarh,27.6,72.0,21.3,5.2,62.8,15687,35.2,19.4,Park/Green Space,0.35,0.22,353,702.5,14.4,1355,0.0
Nagpur,33.6,77.8,27.1,37.4,54.3,5107,21.5,12.7,Park/Green Space,0.16,0.29,194,393.3,213.0,127,5.8
Surat,42.1,69.1,17.1,16.0,27.3,4485,67.5,8.5,Park/Green Space,0.48,0.77,330,616.8,174.7,1292,13.6
Indore,33.1,31.4,29.3,24.4,51.8,10784,16.8,6.6,Mixed Use,0.15,0.31,293,363.2,59.4,550,6.4
Chicago,22.6,85.7,33.0,6.7,32.1,20063,22.1,19.8,Industrial,0.52,0.31,54,462.0,14.7,1389,0.0
Kolkata,45.8,60.4,5.9,10.5,92.3,15054,68.0,12.8,Commercial,0.57,0.5,236,788.2,32.6,618,15.0
Bangalore,24.6,41.2,33.3,19.3,40.2,5038,40.6,5.8,Park/Green Space,0.26,0.78,228,319.5,157.4,347,0.0
Houston,40.9,51.9,21.6,7.2,95.7,28977,73.7,20.8,Industrial,0.56,0.79,179,855.0,227.5,141,15.0
Surat,29.5,22.8,33.8,54.8,58.0,19246,60.2,17.2,Industrial,0.5,0.48,26,438.3,100.4,1168,2.8
Dubai,44.1,29.6,17.3,2.4,66.8,19108,33.0,25.8,Residential,0.56,0.05,288,579.0,113.7,791,15.0
Beijing,31.5,77.4,15.2,30.1,58.9,6871,68.6,4.0,Park/Green Space,0.43,0.73,145,947.8,280.2,244,3.5
Hyderabad,26.8,20.0,36.6,9.1,21.6,2226,20.5,23.7,Mixed Use,0.22,0.48,387,713.1,63.9,1465,0.0
Lucknow,41.3,51.2,10.0,19.8,43.8,27082,58.3,20.4,Industrial,0.55,0.32,344,681.0,31.1,702,11.9
Pune,21.2,59.2,33.8,55.7,18.9,6291,49.3,3.9,Industrial,0.19,0.67,375,740.4,103.0,1313,0.0
Dubai,43.7,24.1,19.4,11.4,66.1,24957,34.1,21.0,Commercial,0.21,0.35,109,926.3,223.8,1135,14.5
Los Angeles,15.9,93.0,20.6,58.0,50.2,8958,64.4,13.5,Residential,0.24,0.08,61,323.7,187.8,213,0.0
Pune,41.9,37.0,12.3,13.9,80.0,23897,88.4,28.4,Industrial,0.25,0.67,384,651.9,124.7,199,12.3
Tokyo,28.8,42.8,22.9,45.0,29.8,17721,99.9,4.7,Industrial,0.36,0.46,178,460.4,289.4,404,2.8
Bhopal,28.1,42.8,13.0,33.7,24.8,16238,64.7,19.5,Mixed Use,0.46,0.3,221,110.7,220.5,420,1.2
Dubai,32.1,37.3,1.6,53.3,46.6,21468,46.4,11.8,Mixed Use,0.56,0.24,385,212.8,18.6,6,4.1
Los Angeles,29.6,20.1,10.9,34.1,93.4,29873,30.3,28.7,Commercial,0.14,0.5,301,392.5,223.4,591,1.6
Indore,40.5,74.7,0.3,33.0,73.9,17570,33.1,10.2,Commercial,0.58,0.21,351,608.5,7.2,285,11.7
Phoenix,34.1,92.5,39.1,13.3,47.7,28437,53.2,28.9,Commercial,0.56,0.29,307,893.3,195.1,670,6.5
Dubai,36.2,36.8,38.6,11.6,56.6,17240,43.1,27.1,Mixed Use,0.13,0.53,110,812.0,63.1,388,9.8
Chennai,27.6,69.7,15.8,55.2,17.6,28891,92.2,8.5,Mixed Use,0.28,0.71,144,598.0,208.9,415,0.0
Lucknow,35.8,75.6,29.1,21.0,98.6,9563,43.1,24.2,Residential,0.51,0.45,145,166.5,92.9,783,5.5
Bangalore,27.8,83.6,13.8,23.6,70.0,10665,43.6,29.9,Park/Green Space,0.41,0.62,71,357.3,261.9,1006,0.9
Jaipur,21.9,51.7,26.8,46.1,35.7,15039,44.5,8.0,Park/Green Space,0.49,0.62,122,430.0,101.1,1173,0.0
Indore,37.7,42.7,32.2,21.7,62.7,16072,85.3,13.4,Residential,0.46,0.55,380,659.5,185.9,1014,8.0
Chicago,15.8,44.4,37.9,57.2,19.9,5147,68.6,15.8,Park/Green Space,0.35,0.23,206,158.4,85.8,427,0.0
Surat,30.8,73.4,16.0,44.8,96.9,10502,65.3,9.2,Mixed Use,0.12,0.7,224,577.2,275.2,1004,1.5
Chennai,35.0,81.3,31.3,36.7,25.7,21302,40.1,1.0,Park/Green Space,0.39,0.38,33,911.3,234.3,1316,5.9
Surat,41.5,33.6,10.6,53.1,68.3,11333,83.6,7.0,Mixed Use,0.12,0.08,123,734.9,73.0,333,13.0
Tokyo,20.6,47.8,39.6,4.9,32.1,10920,13.5,8.8,Residential,0.4,0.23,136,817.4,284.6,271,0.0
Delhi,46.6,87.6,1.0,16.9,74.6,7142,88.4,13.6,Commercial,0.5,0.62,323,713.5,107.1,1066,15.0
Surat,34.8,80.5,24.1,29.0,79.9,20275,56.1,5.5,Residential,0.39,0.1,112,285.9,195.6,1491,5.7
Ahmedabad,40.3,93.9,26.4,15.2,70.6,29254,45.8,26.3,Park/Green Space,0.6,0.16,163,199.4,222.9,318,12.0
Ahmedabad,31.6,76.6,27.5,45.1,65.3,11042,54.7,21.3,Mixed Use,0.33,0.57,129,846.5,6.9,526,3.9
Los Angeles,36.4,49.5,4.8,55.3,90.3,4857,70.1,3.0,Park/Green Space,0.47,0.72,182,726.0,287.7,759,7.9
Bhopal,24.7,64.3,37.5,26.6,17.1,21763,11.1,19.7,Park/Green Space,0.43,0.53,72,617.6,103.3,1195,0.0
Houston,33.7,69.6,7.2,21.8,39.8,22203,88.4,19.8,Commercial,0.6,0.22,22,270.4,56.9,320,6.5
Lucknow,24.9,25.9,24.9,57.8,32.3,16099,50.2,28.7,Park/Green Space,0.46,0.09,87,643.0,255.2,738,0.0
Jaipur,48.1,60.8,8.9,27.8,98.9,13701,40.9,0.6,Commercial,0.18,0.51,265,128.2,210.9,1067,15.0
Hyderabad,39.2,73.2,12.3,30.4,45.0,3239,22.4,7.8,Mixed Use,0.58,0.09,157,207.0,26.0,453,12.1
Kolkata,43.1,32.5,21.9,22.4,75.9,13731,49.6,27.9,Mixed Use,0.43,0.51,327,380.7,35.1,745,14.4
Phoenix,41.7,78.5,16.7,54.8,71.6,27806,54.7,28.0,Commercial,0.13,0.22,371,499.4,214.6,928,11.5
Delhi,29.6,63.8,6.4,35.0,29.1,10010,46.3,21.8,Residential,0.43,0.73,306,208.5,22.4,847,1.6
Sydney,25.1,91.4,6.8,46.2,31.5,10227,71.1,23.1,Mixed Use,0.54,0.41,85,207.9,275.2,867,0.0
Indore,27.8,23.2,16.7,49.1,35.3,21668,47.9,3.2,Residential,0.39,0.22,366,753.3,222.5,773,0.0
Kolkata,40.6,39.9,30.3,21.8,47.0,11135,96.5,15.7,Mixed Use,0.28,0.69,344,612.7,100.6,82,10.4
Hyderabad,35.5,65.1,35.9,27.2,31.1,10464,63.9,7.3,Mixed Use,0.51,0.24,174,580.4,108.9,542,7.4
Dubai,32.4,42.2,3.4,51.2,11.8,28285,82.7,5.8,Industrial,0.49,0.28,106,507.2,151.9,321,4.1
Mumbai,39.6,73.6,15.7,23.1,89.1,17761,19.8,24.4,Park/Green Space,0.37,0.68,52,978.9,108.3,785,11.0
London,23.8,76.9,4.0,48.0,96.9,19754,45.8,4.5,Park/Green Space,0.18,0.28,87,144.8,235.0,1257,0.0
Tokyo,10.0,27.7,0.7,56.6,40.7,11892,40.3,14.3,Residential,0.23,0.36,206,262.6,292.4,539,0.0
London,19.1,58.5,26.5,38.1,40.5,12836,61.3,28.2,Park/Green Space,0.47,0.31,211,682.8,175.4,251,0.0
